Id_Establecimiento,Nombre_Establecimiento,Ubigueo_Establecimiento,Codigo_Disa,Disa,Codigo_Red,Red,Codigo_MicroRed,MicroRed,Codigo_Unico,Codigo_Sector,Descripcion_Sector,Departamento,Provincia,Distrito
5611,BAYOVAR,150132,36,LIMA CENTRO,02,SAN JUAN DE LURIGANCHO,04,JAIME ZUBIETA,000005614,1,MINSA,LIMA,LIMA,SAN JUAN DE LURIGANCHO
5612,SU SANTIDAD JUAN PABLO II,150132,36,LIMA CENTRO,02,SAN JUAN DE LURIGANCHO,05,JOSE CARLOS MARIATEGUI,000005615,1,MINSA,LIMA,LIMA,SAN JUAN DE LURIGANCHO
5613,10 DE OCTUBRE,150132,36,LIMA CENTRO,00,NO PERTENECE A NINGUNA RED,00,NO PERTENECE A NINGUNA MICRORED,000005616,1,MINSA,LIMA,LIMA,SAN JUAN DE LURIGANCHO
5614,HOSPITAL SAN JUAN DE LURIGANCHO,150132,36,LIMA CENTRO,00,NO PERTENECE A NINGUNA RED,00,NO PERTENECE A NINGUNA MICRORED,000005617,1,MINSA,LIMA,LIMA,SAN JUAN DE LURIGANCHO
5615,CENTRO DE SALUD GANIMEDES,150132,36,LIMA CENTRO,00,NO PERTENECE A NINGUNA RED,00,NO PERTENECE A NINGUNA MICRORED,000005618,1,MINSA,LIMA,LIMA,SAN JUAN DE LURIGANCHO
5616,AYACUCHO,150132,36,LIMA CENTRO,02,SAN JUAN DE LURIGANCHO,03,GANIMEDES,000005619,1,MINSA,LIMA,LIMA,SAN JUAN DE LURIGANCHO
5617,MEDALLA MILAGROSA,150132,36,LIMA CENTRO,00,NO PERTENECE A NINGUNA RED,00,NO PERTENECE A NINGUNA MICRORED,000005620,1,MINSA,LIMA,LIMA,SAN JUAN DE LURIGANCHO
5618,HUASCAR II,150132,36,LIMA CENTRO,02,SAN JUAN DE LURIGANCHO,03,GANIMEDES,000005621,1,MINSA,LIMA,LIMA,SAN JUAN DE LURIGANCHO
5619,HUASCAR XV,150132,36,LIMA CENTRO,02,SAN JUAN DE LURIGANCHO,03,GANIMEDES,000005622,1,MINSA,LIMA,LIMA,SAN JUAN DE LURIGANCHO
5620,PUESTO DE SALUD PROYECTOS ESPECIALES,150132,36,LIMA CENTRO,00,NO PERTENECE A NINGUNA RED,00,NO PERTENECE A NINGUNA MICRORED,000005623,1,MINSA,LIMA,LIMA,SAN JUAN DE LURIGANCHO
5621,JAIME ZUBIETA,150132,36,LIMA CENTRO,00,NO PERTENECE A NINGUNA RED,00,NO PERTENECE A NINGUNA MICRORED,000005624,1,MINSA,LIMA,LIMA,SAN JUAN DE LURIGANCHO
5622,SANTA MARIA,150132,36,LIMA CENTRO,02,SAN JUAN DE LURIGANCHO,04,JAIME ZUBIETA,000005625,1,MINSA,LIMA,LIMA,SAN JUAN DE LURIGANCHO
5623,TUPAC AMARU II,150132,36,LIMA CENTRO,02,SAN JUAN DE LURIGANCHO,04,JAIME ZUBIETA,000005626,1,MINSA,LIMA,LIMA,SAN JUAN DE LURIGANCHO
5624,CRUZ DE MOTUPE,150132,36,LIMA CENTRO,02,SAN JUAN DE LURIGANCHO,05,JOSE CARLOS MARIATEGUI,000005627,1,MINSA,LIMA,LIMA,SAN JUAN DE LURIGANCHO
5625,JOSE CARLOS MARIATEGUI,150132,36,LIMA CENTRO,00,NO PERTENECE A NINGUNA RED,00,NO PERTENECE A NINGUNA MICRORED,000005628,1,MINSA,LIMA,LIMA,SAN JUAN DE LURIGANCHO
5626,ENRIQUE MONTENEGRO,150132,36,LIMA CENTRO,00,NO PERTENECE A NINGUNA RED,00,NO PERTENECE A NINGUNA MICRORED,000005629,1,MINSA,LIMA,LIMA,SAN JUAN DE LURIGANCHO
5627,JOSE CARLOS MARIATEGUI V ETAPA,150132,36,LIMA CENTRO,02,SAN JUAN DE LURIGANCHO,05,JOSE CARLOS MARIATEGUI,000005630,1,MINSA,LIMA,LIMA,SAN JUAN DE LURIGANCHO
5635,LEONCIO PRADO,150128,35,LIMA NORTE,00,NO PERTENECE A NINGUNA RED,00,NO PERTENECE A NINGUNA MICRORED,000005638,1,MINSA,LIMA,LIMA,RIMAC
5636,SAN JUAN DE AMANCAES,150128,35,LIMA NORTE,25,V  RIMAC-SMP-LO,01,MICRO RED  RIMAC,000005639,1,MINSA,LIMA,LIMA,RIMAC
5637,CIUDAD Y CAMPO,150128,35,LIMA NORTE,25,V  RIMAC-SMP-LO,01,MICRO RED  RIMAC,000005640,1,MINSA,LIMA,LIMA,RIMAC
5638,FLOR DE AMANCAES,150128,35,LIMA NORTE,25,V  RIMAC-SMP-LO,01,MICRO RED  RIMAC,000005641,1,MINSA,LIMA,LIMA,RIMAC
5639,VILLA LOS ANGELES,150128,35,LIMA NORTE,25,V  RIMAC-SMP-LO,01,MICRO RED  RIMAC,000005642,1,MINSA,LIMA,LIMA,RIMAC
5640,MARISCAL CASTILLA,150128,35,LIMA NORTE,00,NO PERTENECE A NINGUNA RED,00,NO PERTENECE A NINGUNA MICRORED,000005643,1,MINSA,LIMA,LIMA,RIMAC
5641,RIMAC,150128,35,LIMA NORTE,25,V  RIMAC-SMP-LO,01,MICRO RED  RIMAC,000005644,1,MINSA,LIMA,LIMA,RIMAC
5731,RAUL PORRAS BARRENECHEA,150106,35,LIMA NORTE,24,TUPAC AMARU,04,MICRO RED CARABAYLLO,000005734,1,MINSA,LIMA,LIMA,CARABAYLLO
5732,EL PROGRESO,150106,35,LIMA NORTE,00,NO PERTENECE A NINGUNA RED,00,NO PERTENECE A NINGUNA MICRORED,000005735,1,MINSA,LIMA,LIMA,CARABAYLLO
5733,LA FLOR,150106,35,LIMA NORTE,24,TUPAC AMARU,04,MICRO RED CARABAYLLO,000005736,1,MINSA,LIMA,LIMA,CARABAYLLO
5734,VILLA ESPERANZA,150106,35,LIMA NORTE,24,TUPAC AMARU,04,MICRO RED CARABAYLLO,000005737,1,MINSA,LIMA,LIMA,CARABAYLLO
5735,JORGE LINGAN,150106,35,LIMA NORTE,00,NO PERTENECE A NINGUNA RED,00,NO PERTENECE A NINGUNA MICRORED,000005738,1,MINSA,LIMA,LIMA,CARABAYLLO
5736,LUIS ENRIQUE,150106,35,LIMA NORTE,24,TUPAC AMARU,04,MICRO RED CARABAYLLO,000005739,1,MINSA,LIMA,LIMA,CARABAYLLO
5737,PUNCHAUCA,150106,35,LIMA NORTE,24,TUPAC AMARU,04,MICRO RED CARABAYLLO,000005740,1,MINSA,LIMA,LIMA,CARABAYLLO
5738,CHOCAS,150106,35,LIMA NORTE,24,TUPAC AMARU,00,NO PERTENECE A NINGUNA MICRORED,000005741,1,MINSA,LIMA,LIMA,CARABAYLLO
5739,MEXICO,150135,35,LIMA NORTE,25,V  RIMAC-SMP-LO,02,MICRO RED: SMP,000005742,1,MINSA,LIMA,LIMA,SAN MARTIN DE PORRES
5740,CENTRO DE SALUD PERU IV ZONA,150135,35,LIMA NORTE,00,NO PERTENECE A NINGUNA RED,00,NO PERTENECE A NINGUNA MICRORED,000005743,1,MINSA,LIMA,LIMA,SAN MARTIN DE PORRES
5741,CONDEVILLA,150135,35,LIMA NORTE,25,V  RIMAC-SMP-LO,02,MICRO RED: SMP,000005744,1,MINSA,LIMA,LIMA,SAN MARTIN DE PORRES
5742,AMAKELLA,150135,35,LIMA NORTE,00,NO PERTENECE A NINGUNA RED,00,NO PERTENECE A NINGUNA MICRORED,000005745,1,MINSA,LIMA,LIMA,SAN MARTIN DE PORRES
5743,LOS LIBERTADORES,150135,35,LIMA NORTE,00,NO PERTENECE A NINGUNA RED,00,NO PERTENECE A NINGUNA MICRORED,000005746,1,MINSA,LIMA,LIMA,SAN MARTIN DE PORRES
5744,CENTRO DE SALUD VALDIVIEZO,150135,35,LIMA NORTE,00,NO PERTENECE A NINGUNA RED,00,NO PERTENECE A NINGUNA MICRORED,000005747,1,MINSA,LIMA,LIMA,SAN MARTIN DE PORRES
5745,SAN MARTIN DE PORRES,150135,35,LIMA NORTE,00,NO PERTENECE A NINGUNA RED,00,NO PERTENECE A NINGUNA MICRORED,000005748,1,MINSA,LIMA,LIMA,SAN MARTIN DE PORRES
5746,CENTRO DE SALUD PERU III ZONA,150135,35,LIMA NORTE,00,NO PERTENECE A NINGUNA RED,00,NO PERTENECE A NINGUNA MICRORED,000005749,1,MINSA,LIMA,LIMA,SAN MARTIN DE PORRES
5747,CERRO LA REGLA,150135,35,LIMA NORTE,00,NO PERTENECE A NINGUNA RED,00,NO PERTENECE A NINGUNA MICRORED,000005750,1,MINSA,LIMA,LIMA,SAN MARTIN DE PORRES
5748,GUSTAVO LANATTA LUJAN,150135,35,LIMA NORTE,00,NO PERTENECE A NINGUNA RED,00,NO PERTENECE A NINGUNA MICRORED,000005751,1,MINSA,LIMA,LIMA,SAN MARTIN DE PORRES
5749,CAQUETA,150128,35,LIMA NORTE,25,V  RIMAC-SMP-LO,01,MICRO RED  RIMAC,000005752,1,MINSA,LIMA,LIMA,RIMAC
5750,AÑO NUEVO,150110,35,LIMA NORTE,24,TUPAC AMARU,03,MICRO RED COLLIQUE 3ERA. ZONA,000005753,1,MINSA,LIMA,LIMA,COMAS
5751,COLLIQUE III ZONA,150110,35,LIMA NORTE,24,TUPAC AMARU,03,MICRO RED COLLIQUE 3ERA. ZONA,000005754,1,MINSA,LIMA,LIMA,COMAS
5752,CENTRO MATERNO INFANTIL LAURA RODRIGUEZ,150110,35,LIMA NORTE,24,TUPAC AMARU,03,MICRO RED COLLIQUE 3ERA. ZONA,000005755,1,MINSA,LIMA,LIMA,COMAS
5753,GUSTAVO LANATTA,150110,35,LIMA NORTE,24,TUPAC AMARU,03,MICRO RED COLLIQUE 3ERA. ZONA,000005756,1,MINSA,LIMA,LIMA,COMAS
5754,SANGARARA,150110,35,LIMA NORTE,24,TUPAC AMARU,03,MICRO RED COLLIQUE 3ERA. ZONA,000005757,1,MINSA,LIMA,LIMA,COMAS
5755,PRIMAVERA,150110,35,LIMA NORTE,24,TUPAC AMARU,03,MICRO RED COLLIQUE 3ERA. ZONA,000005758,1,MINSA,LIMA,LIMA,COMAS
5756,MILAGRO DE JESUS,150110,35,LIMA NORTE,24,TUPAC AMARU,03,MICRO RED COLLIQUE 3ERA. ZONA,000005759,1,MINSA,LIMA,LIMA,COMAS
5757,SAN CARLOS,150110,35,LIMA NORTE,00,NO PERTENECE A NINGUNA RED,00,NO PERTENECE A NINGUNA MICRORED,000005760,1,MINSA,LIMA,LIMA,COMAS
5758,LOS GERANIOS,150110,35,LIMA NORTE,24,TUPAC AMARU,03,MICRO RED COLLIQUE 3ERA. ZONA,000005761,1,MINSA,LIMA,LIMA,COMAS
5759,11 DE JULIO,150110,35,LIMA NORTE,24,TUPAC AMARU,03,MICRO RED COLLIQUE 3ERA. ZONA,000005762,1,MINSA,LIMA,LIMA,COMAS
5760,CARLOS A. PROTZEL,150110,35,LIMA NORTE,24,TUPAC AMARU,02,MICRO RED SANTA LUZMILA I,000005763,1,MINSA,LIMA,LIMA,COMAS
5761,CARMEN ALTO,150110,35,LIMA NORTE,00,NO PERTENECE A NINGUNA RED,00,NO PERTENECE A NINGUNA MICRORED,000005764,1,MINSA,LIMA,LIMA,COMAS
5762,CARMEN MEDIO,150110,35,LIMA NORTE,00,NO PERTENECE A NINGUNA RED,00,NO PERTENECE A NINGUNA MICRORED,000005765,1,MINSA,LIMA,LIMA,COMAS
5763,SANTA LUZMILA I,150110,35,LIMA NORTE,24,TUPAC AMARU,02,MICRO RED SANTA LUZMILA I,000005766,1,MINSA,LIMA,LIMA,COMAS
5764,COMAS,150110,35,LIMA NORTE,24,TUPAC AMARU,02,MICRO RED SANTA LUZMILA I,000005767,1,MINSA,LIMA,LIMA,COMAS
5765,CARLOS PHILLIPS,150110,35,LIMA NORTE,24,TUPAC AMARU,02,MICRO RED SANTA LUZMILA I,000005768,1,MINSA,LIMA,LIMA,COMAS
5766,HUSARES DE JUNIN,150110,35,LIMA NORTE,00,NO PERTENECE A NINGUNA RED,00,NO PERTENECE A NINGUNA MICRORED,000005769,1,MINSA,LIMA,LIMA,COMAS
5767,SEÑOR DE LOS MILAGROS,150110,35,LIMA NORTE,24,TUPAC AMARU,02,MICRO RED SANTA LUZMILA I,000005770,1,MINSA,LIMA,LIMA,COMAS
5768,LA PASCANA,150110,35,LIMA NORTE,00,NO PERTENECE A NINGUNA RED,00,NO PERTENECE A NINGUNA MICRORED,000005771,1,MINSA,LIMA,LIMA,COMAS
5769,CENTRO MATERNO INFANTIL SANTA LUZMILA II,150110,35,LIMA NORTE,24,TUPAC AMARU,02,MICRO RED SANTA LUZMILA I,000005772,1,MINSA,LIMA,LIMA,COMAS
5770,CLORINDA MALAGA,150110,35,LIMA NORTE,24,TUPAC AMARU,02,MICRO RED SANTA LUZMILA I,000005773,1,MINSA,LIMA,LIMA,COMAS
5783,ERMITAÑO ALTO,150112,35,LIMA NORTE,00,NO PERTENECE A NINGUNA RED,00,NO PERTENECE A NINGUNA MICRORED,000005786,1,MINSA,LIMA,LIMA,INDEPENDENCIA
5784,ERMITAÑO BAJO,150112,35,LIMA NORTE,24,TUPAC AMARU,01,MICRO RED TAHUANTINSUYO BAJO,000005787,1,MINSA,LIMA,LIMA,INDEPENDENCIA
5785,EL CARMEN,150112,35,LIMA NORTE,24,TUPAC AMARU,01,MICRO RED TAHUANTINSUYO BAJO,000005788,1,MINSA,LIMA,LIMA,INDEPENDENCIA
5786,PUESTO DE SALUD LOS QUECHUAS,150112,35,LIMA NORTE,24,TUPAC AMARU,01,MICRO RED TAHUANTINSUYO BAJO,000005789,1,MINSA,LIMA,LIMA,INDEPENDENCIA
5787,MILAGRO DE LA FRATERNIDAD,150112,35,LIMA NORTE,24,TUPAC AMARU,01,MICRO RED TAHUANTINSUYO BAJO,000005790,1,MINSA,LIMA,LIMA,INDEPENDENCIA
5788,TAHUANTINSUYO BAJO,150112,35,LIMA NORTE,24,TUPAC AMARU,01,MICRO RED TAHUANTINSUYO BAJO,000005791,1,MINSA,LIMA,LIMA,INDEPENDENCIA
5789,TAHUANTINSUYO ALTO,150112,35,LIMA NORTE,24,TUPAC AMARU,01,MICRO RED TAHUANTINSUYO BAJO,000005792,1,MINSA,LIMA,LIMA,INDEPENDENCIA
5790,TUPAC AMARU,150112,35,LIMA NORTE,24,TUPAC AMARU,01,MICRO RED TAHUANTINSUYO BAJO,000005793,1,MINSA,LIMA,LIMA,INDEPENDENCIA
5791,LAS AMERICAS,150112,35,LIMA NORTE,24,TUPAC AMARU,01,MICRO RED TAHUANTINSUYO BAJO,000005794,1,MINSA,LIMA,LIMA,INDEPENDENCIA
5792,VICTOR RAUL HAYA DE LA TORRE,150112,35,LIMA NORTE,24,TUPAC AMARU,01,MICRO RED TAHUANTINSUYO BAJO,000005795,1,MINSA,LIMA,LIMA,INDEPENDENCIA
5793,JOSE OLAYA,150112,35,LIMA NORTE,24,TUPAC AMARU,01,MICRO RED TAHUANTINSUYO BAJO,000005796,1,MINSA,LIMA,LIMA,INDEPENDENCIA
5794,SAN MARTIN DE PORRES,150117,35,LIMA NORTE,00,NO PERTENECE A NINGUNA RED,00,NO PERTENECE A NINGUNA MICRORED,000005797,1,MINSA,LIMA,LIMA,LOS OLIVOS
5795,LAURA CALLER,150117,35,LIMA NORTE,00,NO PERTENECE A NINGUNA RED,00,NO PERTENECE A NINGUNA MICRORED,000005798,1,MINSA,LIMA,LIMA,LOS OLIVOS
5796,CLAS JUAN PABLO II,150117,35,LIMA NORTE,25,V  RIMAC-SMP-LO,03,MICRO RED : LOS OLIVOS,000005799,1,MINSA,LIMA,LIMA,LOS OLIVOS
5797,CENTRO DE SALUD ENRIQUE MILLA OCHOA,150117,35,LIMA NORTE,25,V  RIMAC-SMP-LO,03,MICRO RED : LOS OLIVOS,000005800,1,MINSA,LIMA,LIMA,LOS OLIVOS
5798,LOS OLIVOS DE PRO,150117,35,LIMA NORTE,00,NO PERTENECE A NINGUNA RED,00,NO PERTENECE A NINGUNA MICRORED,000005801,1,MINSA,LIMA,LIMA,LOS OLIVOS
5799,LOS OLIVOS,150117,35,LIMA NORTE,25,V  RIMAC-SMP-LO,03,MICRO RED : LOS OLIVOS,000005802,1,MINSA,LIMA,LIMA,LOS OLIVOS
5800,PRIMAVERA,150117,35,LIMA NORTE,25,V  RIMAC-SMP-LO,00,NO PERTENECE A NINGUNA MICRORED,000005803,1,MINSA,LIMA,LIMA,LOS OLIVOS
5801,VIRGEN DEL PILAR DE NARANJAL,150135,35,LIMA NORTE,25,V  RIMAC-SMP-LO,02,MICRO RED: SMP,000005804,1,MINSA,LIMA,LIMA,SAN MARTIN DE PORRES
5802,MESA REDONDA,150135,35,LIMA NORTE,00,NO PERTENECE A NINGUNA RED,00,NO PERTENECE A NINGUNA MICRORED,000005805,1,MINSA,LIMA,LIMA,SAN MARTIN DE PORRES
5803,CENTRO DE SALUD VILLA DEL NORTE,150117,35,LIMA NORTE,00,NO PERTENECE A NINGUNA RED,00,NO PERTENECE A NINGUNA MICRORED,000005806,1,MINSA,LIMA,LIMA,LOS OLIVOS
5804,CENTRO DE SALUD CARLOS CUETO FERNANDINI,150117,35,LIMA NORTE,00,NO PERTENECE A NINGUNA RED,00,NO PERTENECE A NINGUNA MICRORED,000005807,1,MINSA,LIMA,LIMA,LOS OLIVOS
5805,CERRO CANDELA,150135,35,LIMA NORTE,25,V  RIMAC-SMP-LO,02,MICRO RED: SMP,000005808,1,MINSA,LIMA,LIMA,SAN MARTIN DE PORRES
5806,EX FUNDO NARANJAL,150135,35,LIMA NORTE,25,V  RIMAC-SMP-LO,00,NO PERTENECE A NINGUNA MICRORED,000005809,1,MINSA,LIMA,LIMA,SAN MARTIN DE PORRES
5807,CENTRO DE SALUD SAGRADO CORAZÓN DE JESÚS,150117,35,LIMA NORTE,00,NO PERTENECE A NINGUNA RED,00,NO PERTENECE A NINGUNA MICRORED,000005810,1,MINSA,LIMA,LIMA,LOS OLIVOS
5808,INFANTAS,150135,35,LIMA NORTE,25,V  RIMAC-SMP-LO,02,MICRO RED: SMP,000005811,1,MINSA,LIMA,LIMA,SAN MARTIN DE PORRES
5809,CENTRO DE SALUD SAN JUAN DE SALINAS,150135,35,LIMA NORTE,00,NO PERTENECE A NINGUNA RED,00,NO PERTENECE A NINGUNA MICRORED,000005812,1,MINSA,LIMA,LIMA,SAN MARTIN DE PORRES
5810,CENTRO DE SALUD RIO SANTA,150117,35,LIMA NORTE,25,V  RIMAC-SMP-LO,03,MICRO RED : LOS OLIVOS,000005813,1,MINSA,LIMA,LIMA,LOS OLIVOS
5811,CENTRO DE SALUD MATERNO INFANTIL ANCON,150102,35,LIMA NORTE,26,RED DE SALUD LIMA NORTE IV,02,ZAPALLAL,000005814,1,MINSA,LIMA,LIMA,ANCON
5812,SAGRADO CORAZON DE JESUS,150125,35,LIMA NORTE,26,RED DE SALUD LIMA NORTE IV,01,SUREÑOS,000005815,1,MINSA,LIMA,LIMA,PUENTE PIEDRA
5813,MATERNO INFANTIL DR. ENRIQUE MARTIN ALTUNA,150125,35,LIMA NORTE,26,RED DE SALUD LIMA NORTE IV,02,ZAPALLAL,000005816,1,MINSA,LIMA,LIMA,PUENTE PIEDRA
5814,SANTA ROSA,150125,35,LIMA NORTE,26,RED DE SALUD LIMA NORTE IV,01,SUREÑOS,000005817,1,MINSA,LIMA,LIMA,PUENTE PIEDRA
5815,JERUSALEN,150125,35,LIMA NORTE,26,RED DE SALUD LIMA NORTE IV,02,ZAPALLAL,000005818,1,MINSA,LIMA,LIMA,PUENTE PIEDRA
5816,LADERAS DE CHILLON,150125,35,LIMA NORTE,26,RED DE SALUD LIMA NORTE IV,01,SUREÑOS,000005819,1,MINSA,LIMA,LIMA,PUENTE PIEDRA
5817,LA ENSENADA,150125,35,LIMA NORTE,00,NO PERTENECE A NINGUNA RED,00,NO PERTENECE A NINGUNA MICRORED,000005820,1,MINSA,LIMA,LIMA,PUENTE PIEDRA
5818,LOS SUREÑOS,150125,35,LIMA NORTE,26,RED DE SALUD LIMA NORTE IV,01,SUREÑOS,000005821,1,MINSA,LIMA,LIMA,PUENTE PIEDRA
5819,SAN PEDRO DE CARABAYLLO,150106,35,LIMA NORTE,26,RED DE SALUD LIMA NORTE IV,01,SUREÑOS,000005822,1,MINSA,LIMA,LIMA,CARABAYLLO
5820,VILLA ESTELA,150102,35,LIMA NORTE,26,RED DE SALUD LIMA NORTE IV,02,ZAPALLAL,000005823,1,MINSA,LIMA,LIMA,ANCON
5821,SAN JOSE,150102,35,LIMA NORTE,00,NO PERTENECE A NINGUNA RED,00,NO PERTENECE A NINGUNA MICRORED,000005824,1,MINSA,LIMA,LIMA,ANCON
5822,VIRGEN DE LAS MERCEDES,150139,35,LIMA NORTE,26,RED DE SALUD LIMA NORTE IV,02,ZAPALLAL,000005825,1,MINSA,LIMA,LIMA,SANTA ROSA
5831,LA LIBERTAD,150132,36,LIMA CENTRO,02,SAN JUAN DE LURIGANCHO,02,SAN FERNANDO,000005834,1,MINSA,LIMA,LIMA,SAN JUAN DE LURIGANCHO
5832,LA HUAYRONA,150132,36,LIMA CENTRO,02,SAN JUAN DE LURIGANCHO,02,SAN FERNANDO,000005835,1,MINSA,LIMA,LIMA,SAN JUAN DE LURIGANCHO
5833,SANTA FE DE TOTORITA,150132,36,LIMA CENTRO,00,NO PERTENECE A NINGUNA RED,00,NO PERTENECE A NINGUNA MICRORED,000005836,1,MINSA,LIMA,LIMA,SAN JUAN DE LURIGANCHO
5834,SAN HILARION,150132,36,LIMA CENTRO,00,NO PERTENECE A NINGUNA RED,00,NO PERTENECE A NINGUNA MICRORED,000005837,1,MINSA,LIMA,LIMA,SAN JUAN DE LURIGANCHO
5835,SAN FERNANDO,150132,36,LIMA CENTRO,00,NO PERTENECE A NINGUNA RED,00,NO PERTENECE A NINGUNA MICRORED,000005838,1,MINSA,LIMA,LIMA,SAN JUAN DE LURIGANCHO
5836,15 DE ENERO,150132,36,LIMA CENTRO,02,SAN JUAN DE LURIGANCHO,02,SAN FERNANDO,000005839,1,MINSA,LIMA,LIMA,SAN JUAN DE LURIGANCHO
5837,SANTA ROSA DE LIMA,150132,36,LIMA CENTRO,00,NO PERTENECE A NINGUNA RED,00,NO PERTENECE A NINGUNA MICRORED,000005840,1,MINSA,LIMA,LIMA,SAN JUAN DE LURIGANCHO
5838,CHACARILLA DE OTERO,150132,36,LIMA CENTRO,02,SAN JUAN DE LURIGANCHO,01,PIEDRA LIZA,000005841,1,MINSA,LIMA,LIMA,SAN JUAN DE LURIGANCHO
5839,PIEDRA LIZA,150128,35,LIMA NORTE,00,NO PERTENECE A NINGUNA RED,00,NO PERTENECE A NINGUNA MICRORED,000005842,1,MINSA,LIMA,LIMA,RIMAC
5841,AZCARRUNZ ALTO,150132,36,LIMA CENTRO,02,SAN JUAN DE LURIGANCHO,01,PIEDRA LIZA,000005844,1,MINSA,LIMA,LIMA,SAN JUAN DE LURIGANCHO
5842,DANIEL ALCIDES CARRION,150132,36,LIMA CENTRO,00,NO PERTENECE A NINGUNA RED,00,NO PERTENECE A NINGUNA MICRORED,000005845,1,MINSA,LIMA,LIMA,SAN JUAN DE LURIGANCHO
5843,CAJA DE AGUA,150132,36,LIMA CENTRO,00,NO PERTENECE A NINGUNA RED,00,NO PERTENECE A NINGUNA MICRORED,000005846,1,MINSA,LIMA,LIMA,SAN JUAN DE LURIGANCHO
5844,MANGOMARCA,150132,36,LIMA CENTRO,02,SAN JUAN DE LURIGANCHO,01,PIEDRA LIZA,000005847,1,MINSA,LIMA,LIMA,SAN JUAN DE LURIGANCHO
5845,CAMPOY,150132,36,LIMA CENTRO,02,SAN JUAN DE LURIGANCHO,01,PIEDRA LIZA,000005848,1,MINSA,LIMA,LIMA,SAN JUAN DE LURIGANCHO
5846,ZARATE,150132,36,LIMA CENTRO,02,SAN JUAN DE LURIGANCHO,01,PIEDRA LIZA,000005849,1,MINSA,LIMA,LIMA,SAN JUAN DE LURIGANCHO
5848,FORTALEZA,150103,21,LIMA ESTE,01,LIMA ESTE METROPOLITANA,04,ATE II,000005851,1,MINSA,LIMA,LIMA,ATE
5849,COOPERATIVA UNIVERSAL,150137,21,LIMA ESTE,01,LIMA ESTE METROPOLITANA,02,SANTA ANITA,000005852,1,MINSA,LIMA,LIMA,SANTA ANITA
5850,CHANCAS DE ANDAHUAYLAS,150137,21,LIMA ESTE,00,NO PERTENECE A NINGUNA RED,00,NO PERTENECE A NINGUNA MICRORED,000005853,1,MINSA,LIMA,LIMA,SANTA ANITA
5851,HUASCAR,150137,21,LIMA ESTE,01,LIMA ESTE METROPOLITANA,00,NO PERTENECE A NINGUNA MICRORED,000005854,1,MINSA,LIMA,LIMA,SANTA ANITA
5852,METROPOLITANA,150137,21,LIMA ESTE,00,NO PERTENECE A NINGUNA RED,00,NO PERTENECE A NINGUNA MICRORED,000005855,1,MINSA,LIMA,LIMA,SANTA ANITA
5853,SAN CARLOS,150137,21,LIMA ESTE,00,NO PERTENECE A NINGUNA RED,00,NO PERTENECE A NINGUNA MICRORED,000005856,1,MINSA,LIMA,LIMA,SANTA ANITA
5854,VIÑA SAN FRANCISCO,150137,21,LIMA ESTE,00,NO PERTENECE A NINGUNA RED,00,NO PERTENECE A NINGUNA MICRORED,000005857,1,MINSA,LIMA,LIMA,SANTA ANITA
5858,MOYOPAMPA,150118,21,LIMA ESTE,01,LIMA ESTE METROPOLITANA,08,CHOSICA I,000005861,1,MINSA,LIMA,LIMA,LURIGANCHO (CHOSICA)
5859,CHOSICA,150118,21,LIMA ESTE,00,NO PERTENECE A NINGUNA RED,00,NO PERTENECE A NINGUNA MICRORED,000005862,1,MINSA,LIMA,LIMA,LURIGANCHO (CHOSICA)
5860,NICOLAS DE PIEROLA,150118,21,LIMA ESTE,01,LIMA ESTE METROPOLITANA,08,CHOSICA I,000005863,1,MINSA,LIMA,LIMA,LURIGANCHO (CHOSICA)
5861,SAN ANTONIO DE PEDREGAL,150118,21,LIMA ESTE,00,NO PERTENECE A NINGUNA RED,00,NO PERTENECE A NINGUNA MICRORED,000005864,1,MINSA,LIMA,LIMA,LURIGANCHO (CHOSICA)
5862,CHACRASANA,150118,21,LIMA ESTE,01,LIMA ESTE METROPOLITANA,08,CHOSICA I,000005865,1,MINSA,LIMA,LIMA,LURIGANCHO (CHOSICA)
5863,YANACOTO,150118,21,LIMA ESTE,00,NO PERTENECE A NINGUNA RED,00,NO PERTENECE A NINGUNA MICRORED,000005866,1,MINSA,LIMA,LIMA,LURIGANCHO (CHOSICA)
5864,MARISCAL CASTILLA,150118,21,LIMA ESTE,00,NO PERTENECE A NINGUNA RED,00,NO PERTENECE A NINGUNA MICRORED,000005867,1,MINSA,LIMA,LIMA,LURIGANCHO (CHOSICA)
5865,SEÑOR DE LOS MILAGROS,150118,21,LIMA ESTE,00,NO PERTENECE A NINGUNA RED,00,NO PERTENECE A NINGUNA MICRORED,000005868,1,MINSA,LIMA,LIMA,LURIGANCHO (CHOSICA)
5866,VILLA  DEL SOL,150118,21,LIMA ESTE,01,LIMA ESTE METROPOLITANA,08,CHOSICA I,000005869,1,MINSA,LIMA,LIMA,LURIGANCHO (CHOSICA)
5867,PABLO PATRON,150118,21,LIMA ESTE,01,LIMA ESTE METROPOLITANA,08,CHOSICA I,000005870,1,MINSA,LIMA,LIMA,LURIGANCHO (CHOSICA)
5880,HOSPITAL DE HUAYCAN,150103,21,LIMA ESTE,00,NO PERTENECE A NINGUNA RED,00,NO PERTENECE A NINGUNA MICRORED,000005883,1,MINSA,LIMA,LIMA,ATE
5881,HORACIO ZEVALLOS,150103,21,LIMA ESTE,01,LIMA ESTE METROPOLITANA,03,ATE I,000005884,1,MINSA,LIMA,LIMA,ATE
5882,SEÑOR DE LOS MILAGROS,150103,21,LIMA ESTE,00,NO PERTENECE A NINGUNA RED,00,NO PERTENECE A NINGUNA MICRORED,000005885,1,MINSA,LIMA,LIMA,ATE
5894,JICAMARCA,150118,21,LIMA ESTE,00,NO PERTENECE A NINGUNA RED,00,NO PERTENECE A NINGUNA MICRORED,000005897,1,MINSA,LIMA,LIMA,LURIGANCHO (CHOSICA)
5895,SANTA MARIA DE HUACHIPA,150118,21,LIMA ESTE,01,LIMA ESTE METROPOLITANA,09,CHOSICA II,000005898,1,MINSA,LIMA,LIMA,LURIGANCHO (CHOSICA)
5896,VIRGEN DEL ROSARIO CARAPONGO,150118,21,LIMA ESTE,00,NO PERTENECE A NINGUNA RED,00,NO PERTENECE A NINGUNA MICRORED,000005899,1,MINSA,LIMA,LIMA,LURIGANCHO (CHOSICA)
5897,VILLA LETICIA DE CAJAMARQUILLA,150118,21,LIMA ESTE,01,LIMA ESTE METROPOLITANA,09,CHOSICA II,000005900,1,MINSA,LIMA,LIMA,LURIGANCHO (CHOSICA)
5898,ALTO PERU,150118,21,LIMA ESTE,01,LIMA ESTE METROPOLITANA,09,CHOSICA II,000005901,1,MINSA,LIMA,LIMA,LURIGANCHO (CHOSICA)
5899,NIEVERIA DEL PARAISO,150118,21,LIMA ESTE,00,NO PERTENECE A NINGUNA RED,00,NO PERTENECE A NINGUNA MICRORED,000005902,1,MINSA,LIMA,LIMA,LURIGANCHO (CHOSICA)
5900,LA MOLINA,150114,21,LIMA ESTE,00,NO PERTENECE A NINGUNA RED,00,NO PERTENECE A NINGUNA MICRORED,000005903,1,MINSA,LIMA,LIMA,LA MOLINA
5901,MUSA,150114,21,LIMA ESTE,00,NO PERTENECE A NINGUNA RED,00,NO PERTENECE A NINGUNA MICRORED,000005904,1,MINSA,LIMA,LIMA,LA MOLINA
5903,MATAZANGO,150114,21,LIMA ESTE,00,NO PERTENECE A NINGUNA RED,00,NO PERTENECE A NINGUNA MICRORED,000005906,1,MINSA,LIMA,LIMA,LA MOLINA
5904,PORTADA DEL SOL,150114,21,LIMA ESTE,00,NO PERTENECE A NINGUNA RED,00,NO PERTENECE A NINGUNA MICRORED,000005907,1,MINSA,LIMA,LIMA,LA MOLINA
5915,MADRE TERESA  CALCUTA,150111,21,LIMA ESTE,00,NO PERTENECE A NINGUNA RED,00,NO PERTENECE A NINGUNA MICRORED,000005918,1,MINSA,LIMA,LIMA,EL AGUSTINO
5916,CATALINA HUANCA,150111,21,LIMA ESTE,00,NO PERTENECE A NINGUNA RED,00,NO PERTENECE A NINGUNA MICRORED,000005919,1,MINSA,LIMA,LIMA,EL AGUSTINO
5917,BETHANIA,150111,21,LIMA ESTE,00,NO PERTENECE A NINGUNA RED,00,NO PERTENECE A NINGUNA MICRORED,000005920,1,MINSA,LIMA,LIMA,EL AGUSTINO
5918,ANCIETA BAJA,150111,21,LIMA ESTE,00,NO PERTENECE A NINGUNA RED,00,NO PERTENECE A NINGUNA MICRORED,000005921,1,MINSA,LIMA,LIMA,EL AGUSTINO
5919,PRIMAVERA,150111,21,LIMA ESTE,00,NO PERTENECE A NINGUNA RED,00,NO PERTENECE A NINGUNA MICRORED,000005922,1,MINSA,LIMA,LIMA,EL AGUSTINO
5920,EL AGUSTINO,150111,21,LIMA ESTE,00,NO PERTENECE A NINGUNA RED,00,NO PERTENECE A NINGUNA MICRORED,000005923,1,MINSA,LIMA,LIMA,EL AGUSTINO
5921,NOCHETO,150137,21,LIMA ESTE,01,LIMA ESTE METROPOLITANA,02,SANTA ANITA,000005924,1,MINSA,LIMA,LIMA,SANTA ANITA
5922,SANTA ROSA DE QUIVES,150137,21,LIMA ESTE,00,NO PERTENECE A NINGUNA RED,00,NO PERTENECE A NINGUNA MICRORED,000005925,1,MINSA,LIMA,LIMA,SANTA ANITA
5923,EL EXITO,150103,21,LIMA ESTE,00,NO PERTENECE A NINGUNA RED,00,NO PERTENECE A NINGUNA MICRORED,000005926,1,MINSA,LIMA,LIMA,ATE
5924,SANTA CLARA,150103,21,LIMA ESTE,00,NO PERTENECE A NINGUNA RED,00,NO PERTENECE A NINGUNA MICRORED,000005927,1,MINSA,LIMA,LIMA,ATE
5925,MANYLSA,150103,21,LIMA ESTE,00,NO PERTENECE A NINGUNA RED,00,NO PERTENECE A NINGUNA MICRORED,000005928,1,MINSA,LIMA,LIMA,ATE
5926,MICAELA BASTIDAS,150103,21,LIMA ESTE,00,NO PERTENECE A NINGUNA RED,00,NO PERTENECE A NINGUNA MICRORED,000005929,1,MINSA,LIMA,LIMA,ATE
5927,ATE,150103,21,LIMA ESTE,00,NO PERTENECE A NINGUNA RED,00,NO PERTENECE A NINGUNA MICRORED,000005930,1,MINSA,LIMA,LIMA,ATE
5928,AMAUTA,150103,21,LIMA ESTE,00,NO PERTENECE A NINGUNA RED,00,NO PERTENECE A NINGUNA MICRORED,000005931,1,MINSA,LIMA,LIMA,ATE
5929,SAN ANTONIO,150103,21,LIMA ESTE,01,LIMA ESTE METROPOLITANA,03,ATE I,000005932,1,MINSA,LIMA,LIMA,ATE
5930,ALFA Y OMEGA,150103,21,LIMA ESTE,01,LIMA ESTE METROPOLITANA,04,ATE II,000005933,1,MINSA,LIMA,LIMA,ATE
5932,CESAR LOPEZ SILVA,150107,21,LIMA ESTE,00,NO PERTENECE A NINGUNA RED,00,NO PERTENECE A NINGUNA MICRORED,000005935,1,MINSA,LIMA,LIMA,CHACLACAYO
5933,MORON,150107,21,LIMA ESTE,00,NO PERTENECE A NINGUNA RED,00,NO PERTENECE A NINGUNA MICRORED,000005936,1,MINSA,LIMA,LIMA,CHACLACAYO
5934,PROGRESO,150107,21,LIMA ESTE,01,LIMA ESTE METROPOLITANA,07,CHACLACAYO,000005937,1,MINSA,LIMA,LIMA,CHACLACAYO
5935,MIGUEL GRAU,150107,21,LIMA ESTE,00,NO PERTENECE A NINGUNA RED,00,NO PERTENECE A NINGUNA MICRORED,000005938,1,MINSA,LIMA,LIMA,CHACLACAYO
5936,PERLA DEL SOL,150107,21,LIMA ESTE,01,LIMA ESTE METROPOLITANA,07,CHACLACAYO,000005939,1,MINSA,LIMA,LIMA,CHACLACAYO
5937,HUASCATA,150107,21,LIMA ESTE,01,LIMA ESTE METROPOLITANA,07,CHACLACAYO,000005940,1,MINSA,LIMA,LIMA,CHACLACAYO
5938,VILLA RICA,150107,21,LIMA ESTE,00,NO PERTENECE A NINGUNA RED,00,NO PERTENECE A NINGUNA MICRORED,000005941,1,MINSA,LIMA,LIMA,CHACLACAYO
5939,TRES DE OCTUBRE,150107,21,LIMA ESTE,00,NO PERTENECE A NINGUNA RED,00,NO PERTENECE A NINGUNA MICRORED,000005942,1,MINSA,LIMA,LIMA,CHACLACAYO
5940,ALTO HUAMPANI,150118,21,LIMA ESTE,00,NO PERTENECE A NINGUNA RED,00,NO PERTENECE A NINGUNA MICRORED,000005943,1,MINSA,LIMA,LIMA,LURIGANCHO (CHOSICA)
5941,VIRGEN DEL CARMEN - LA ERA,150118,21,LIMA ESTE,00,NO PERTENECE A NINGUNA RED,00,NO PERTENECE A NINGUNA MICRORED,000005944,1,MINSA,LIMA,LIMA,LURIGANCHO (CHOSICA)
5942,HOSPITAL VITARTE,150103,21,LIMA ESTE,00,NO PERTENECE A NINGUNA RED,00,NO PERTENECE A NINGUNA MICRORED,000005945,1,MINSA,LIMA,LIMA,ATE
5943,HOSPITAL NACIONAL HIPOLITO UNANUE,150111,21,LIMA ESTE,00,NO PERTENECE A NINGUNA RED,00,NO PERTENECE A NINGUNA MICRORED,000005946,1,MINSA,LIMA,LIMA,EL AGUSTINO
5944,HOSPITAL DE MEDIANA COMPLEJIDAD JOSE AGURTO TELLO,150118,21,LIMA ESTE,00,NO PERTENECE A NINGUNA RED,00,NO PERTENECE A NINGUNA MICRORED,000005947,1,MINSA,LIMA,LIMA,LURIGANCHO (CHOSICA)
5945,HOSPITAL HERMILIO VALDIZAN,150137,21,LIMA ESTE,00,NO PERTENECE A NINGUNA RED,00,NO PERTENECE A NINGUNA MICRORED,000005948,1,MINSA,LIMA,LIMA,SANTA ANITA
5959,GUSTAVO LANATTA,150103,21,LIMA ESTE,01,LIMA ESTE METROPOLITANA,05,ATE III,000005962,1,MINSA,LIMA,LIMA,ATE
5960,SALAMANCA,150103,21,LIMA ESTE,01,LIMA ESTE METROPOLITANA,05,ATE III,000005963,1,MINSA,LIMA,LIMA,ATE
5961,EL BOSQUE,150103,21,LIMA ESTE,01,LIMA ESTE METROPOLITANA,05,ATE III,000005964,1,MINSA,LIMA,LIMA,ATE
5962,SANTA MAGDALENA SOFIA,150111,21,LIMA ESTE,01,LIMA ESTE METROPOLITANA,05,ATE III,000005965,1,MINSA,LIMA,LIMA,EL AGUSTINO
5963,SAN FERNANDO,150103,21,LIMA ESTE,00,NO PERTENECE A NINGUNA RED,00,NO PERTENECE A NINGUNA MICRORED,000005966,1,MINSA,LIMA,LIMA,ATE
5964,7 DE OCTUBRE,150111,21,LIMA ESTE,01,LIMA ESTE METROPOLITANA,01,EL AGUSTINO,000005967,1,MINSA,LIMA,LIMA,EL AGUSTINO
5975,TAMBO VIEJO,150109,21,LIMA ESTE,00,NO PERTENECE A NINGUNA RED,00,NO PERTENECE A NINGUNA MICRORED,000005978,1,MINSA,LIMA,LIMA,CIENEGUILLA
5976,HUAYCAN DE CIENEGUILLA,150109,21,LIMA ESTE,01,LIMA ESTE METROPOLITANA,06,LA MOLINA CIENEGUILLA,000005979,1,MINSA,LIMA,LIMA,CIENEGUILLA
5977,COLCA,150109,21,LIMA ESTE,00,NO PERTENECE A NINGUNA RED,00,NO PERTENECE A NINGUNA MICRORED,000005980,1,MINSA,LIMA,LIMA,CIENEGUILLA
5979,CENTRO REFERENCIAL ESPECIALIZADO EN REHABILITACION Y TERAPIA FISICA DE CHOSICA,150118,21,LIMA ESTE,01,LIMA ESTE METROPOLITANA,08,CHOSICA I,000005982,1,MINSA,LIMA,LIMA,LURIGANCHO (CHOSICA)
5984,HOSPITAL MARIA AUXILIADORA,150133,23,LIMA SUR,00,NO PERTENECE A NINGUNA RED,00,NO PERTENECE A NINGUNA MICRORED,000005987,1,MINSA,LIMA,LIMA,SAN JUAN DE MIRAFLORES
5985,C.S. ALICIA LASTRES DE LA TORRE,150104,23,LIMA SUR,00,NO PERTENECE A NINGUNA RED,00,NO PERTENECE A NINGUNA MICRORED,000005988,1,MINSA,LIMA,LIMA,BARRANCO
5986,CENTRO DE SALUD GAUDENCIO BERNASCONI,150104,23,LIMA SUR,00,NO PERTENECE A NINGUNA RED,00,NO PERTENECE A NINGUNA MICRORED,000005989,1,MINSA,LIMA,LIMA,BARRANCO
5987,CENTRO DE SALUD GUSTAVO LANATTA LUJAN,150108,23,LIMA SUR,00,NO PERTENECE A NINGUNA RED,00,NO PERTENECE A NINGUNA MICRORED,000005990,1,MINSA,LIMA,LIMA,CHORRILLOS
5988,"CENTRO MATERNO INFANTIL DE SALUD - ""VIRGEN DEL CARMEN""",150108,23,LIMA SUR,00,NO PERTENECE A NINGUNA RED,00,NO PERTENECE A NINGUNA MICRORED,000005991,1,MINSA,LIMA,LIMA,CHORRILLOS
5989,ARMATAMBO,150108,23,LIMA SUR,00,NO PERTENECE A NINGUNA RED,00,NO PERTENECE A NINGUNA MICRORED,000005992,1,MINSA,LIMA,LIMA,CHORRILLOS
5990,CENTRO DE SALUD SANTIAGO DE SURCO,150140,23,LIMA SUR,00,NO PERTENECE A NINGUNA RED,00,NO PERTENECE A NINGUNA MICRORED,000005993,1,MINSA,LIMA,LIMA,SANTIAGO DE SURCO
5991,PUESTO DE SALUD SAN CARLOS,150140,23,LIMA SUR,00,NO PERTENECE A NINGUNA RED,00,NO PERTENECE A NINGUNA MICRORED,000005994,1,MINSA,LIMA,LIMA,SANTIAGO DE SURCO
5992,PUESTO DE SALUD SAN ROQUE,150140,23,LIMA SUR,00,NO PERTENECE A NINGUNA RED,00,NO PERTENECE A NINGUNA MICRORED,000005995,1,MINSA,LIMA,LIMA,SANTIAGO DE SURCO
5993,LOS VIÑEDOS DE SURCO,150140,23,LIMA SUR,00,NO PERTENECE A NINGUNA RED,00,NO PERTENECE A NINGUNA MICRORED,000005996,1,MINSA,LIMA,LIMA,SANTIAGO DE SURCO
5994,P.S. LAS FLORES,150140,23,LIMA SUR,01,BARRANCO - CHORRILLOS - SURCO,03,SURCO,000005997,1,MINSA,LIMA,LIMA,SANTIAGO DE SURCO
5995,CMI BUENOS AIRES DE VILLA,150108,23,LIMA SUR,00,NO PERTENECE A NINGUNA RED,00,NO PERTENECE A NINGUNA MICRORED,000005998,1,MINSA,LIMA,LIMA,CHORRILLOS
5996,DELICIAS DE VILLA,150108,23,LIMA SUR,01,BARRANCO - CHORRILLOS - SURCO,02,VILLA,000005999,1,MINSA,LIMA,LIMA,CHORRILLOS
5997,SAN GENARO DE VILLA,150108,23,LIMA SUR,00,NO PERTENECE A NINGUNA RED,00,NO PERTENECE A NINGUNA MICRORED,000006000,1,MINSA,LIMA,LIMA,CHORRILLOS
5998,VISTA ALEGRE DE VILLA,150108,23,LIMA SUR,00,NO PERTENECE A NINGUNA RED,00,NO PERTENECE A NINGUNA MICRORED,000006001,1,MINSA,LIMA,LIMA,CHORRILLOS
5999,PUESTO DE SALUD SANTA ISABEL DE VILLA,150108,23,LIMA SUR,00,NO PERTENECE A NINGUNA RED,00,NO PERTENECE A NINGUNA MICRORED,000006002,1,MINSA,LIMA,LIMA,CHORRILLOS
6000,CENTRO DE SALUD TUPAC AMARU DE VILLA,150108,23,LIMA SUR,00,NO PERTENECE A NINGUNA RED,00,NO PERTENECE A NINGUNA MICRORED,000006003,1,MINSA,LIMA,LIMA,CHORRILLOS
6001,SAN JUAN DE LA LIBERTAD,150108,23,LIMA SUR,01,BARRANCO - CHORRILLOS - SURCO,02,VILLA,000006004,1,MINSA,LIMA,LIMA,CHORRILLOS
6002,PUESTO DE SALUD MATEO PUMACAHUA,150108,23,LIMA SUR,00,NO PERTENECE A NINGUNA RED,00,NO PERTENECE A NINGUNA MICRORED,000006005,1,MINSA,LIMA,LIMA,CHORRILLOS
6003,PUESTO DE SALUD SANTA TERESA DE CHORRILLOS,150108,23,LIMA SUR,00,NO PERTENECE A NINGUNA RED,00,NO PERTENECE A NINGUNA MICRORED,000006006,1,MINSA,LIMA,LIMA,CHORRILLOS
6004,VILLA VENTURO,150108,23,LIMA SUR,00,NO PERTENECE A NINGUNA RED,00,NO PERTENECE A NINGUNA MICRORED,000006007,1,MINSA,LIMA,LIMA,CHORRILLOS
6005,PUESTO DE SALUD NUEVA CALEDONIA,150108,23,LIMA SUR,00,NO PERTENECE A NINGUNA RED,00,NO PERTENECE A NINGUNA MICRORED,000006008,1,MINSA,LIMA,LIMA,CHORRILLOS
6006,LOS INCAS,150108,23,LIMA SUR,00,NO PERTENECE A NINGUNA RED,00,NO PERTENECE A NINGUNA MICRORED,000006009,1,MINSA,LIMA,LIMA,CHORRILLOS
6007,PUESTO DE SALUD DEFENSORES DE LIMA,150108,23,LIMA SUR,00,NO PERTENECE A NINGUNA RED,00,NO PERTENECE A NINGUNA MICRORED,000006010,1,MINSA,LIMA,LIMA,CHORRILLOS
6076,CENTRO MATERNO INFANTIL LURIN,150119,23,LIMA SUR,00,NO PERTENECE A NINGUNA RED,00,NO PERTENECE A NINGUNA MICRORED,000006079,1,MINSA,LIMA,LIMA,LURIN
6077,CLAS JULIO C TELLO,150119,23,LIMA SUR,00,NO PERTENECE A NINGUNA RED,00,NO PERTENECE A NINGUNA MICRORED,000006080,1,MINSA,LIMA,LIMA,LURIN
6078,CENTRO DE SALUD (CLAS) NUEVO LURIN - KM. 40,150119,23,LIMA SUR,00,NO PERTENECE A NINGUNA RED,00,NO PERTENECE A NINGUNA MICRORED,000006081,1,MINSA,LIMA,LIMA,LURIN
6079,VILLA ALEJANDRO,150119,23,LIMA SUR,00,NO PERTENECE A NINGUNA RED,00,NO PERTENECE A NINGUNA MICRORED,000006082,1,MINSA,LIMA,LIMA,LURIN
6080,PUESTO DE SALUD BUENA VISTA,150119,23,LIMA SUR,00,NO PERTENECE A NINGUNA RED,00,NO PERTENECE A NINGUNA MICRORED,000006083,1,MINSA,LIMA,LIMA,LURIN
6081,CENTRO DE SALUD PUCUSANA,150124,23,LIMA SUR,00,NO PERTENECE A NINGUNA RED,00,NO PERTENECE A NINGUNA MICRORED,000006084,1,MINSA,LIMA,LIMA,PUCUSANA
6082,CENTRO DE SALUD BENJAMIN DOIG,150124,23,LIMA SUR,00,NO PERTENECE A NINGUNA RED,00,NO PERTENECE A NINGUNA MICRORED,000006085,1,MINSA,LIMA,LIMA,PUCUSANA
6083,PUESTO DE SALUD DE PUNTA HERMOSA,150126,23,LIMA SUR,00,NO PERTENECE A NINGUNA RED,00,NO PERTENECE A NINGUNA MICRORED,000006086,1,MINSA,LIMA,LIMA,PUNTA HERMOSA
6084,CENTRO DE SALUD PUNTA NEGRA,150127,23,LIMA SUR,00,NO PERTENECE A NINGUNA RED,00,NO PERTENECE A NINGUNA MICRORED,000006087,1,MINSA,LIMA,LIMA,PUNTA NEGRA
6085,CENTRO DE SALUD SAN BARTOLO,150129,23,LIMA SUR,00,NO PERTENECE A NINGUNA RED,00,NO PERTENECE A NINGUNA MICRORED,000006088,1,MINSA,LIMA,LIMA,SAN BARTOLO
6086,PUESTO DE SALUD VILLA MERCEDES,150138,23,LIMA SUR,03,VILLA EL SALVADOR - LURIN - PACHACAMAC - PUCUSANA,07,SAN BARTOLO,000006089,1,MINSA,LIMA,LIMA,SANTA MARIA DEL MAR
6087,CENTRO DE SALUD PACHACAMAC,150123,23,LIMA SUR,00,NO PERTENECE A NINGUNA RED,00,NO PERTENECE A NINGUNA MICRORED,000006090,1,MINSA,LIMA,LIMA,PACHACAMAC
6088,MANCHAY ALTO,150123,23,LIMA SUR,00,NO PERTENECE A NINGUNA RED,00,NO PERTENECE A NINGUNA MICRORED,000006091,1,MINSA,LIMA,LIMA,PACHACAMAC
6089,CENTRO DE SALUD PORTADA DE MANCHAY,150123,23,LIMA SUR,00,NO PERTENECE A NINGUNA RED,00,NO PERTENECE A NINGUNA MICRORED,000006092,1,MINSA,LIMA,LIMA,PACHACAMAC
6090,PUESTO DE SALUD CLAS VILLA LIBERTAD,150123,23,LIMA SUR,00,NO PERTENECE A NINGUNA RED,00,NO PERTENECE A NINGUNA MICRORED,000006093,1,MINSA,LIMA,LIMA,PACHACAMAC
6091,PUESTO DE SALUD PAMPA GRANDE,150123,23,LIMA SUR,00,NO PERTENECE A NINGUNA RED,00,NO PERTENECE A NINGUNA MICRORED,000006094,1,MINSA,LIMA,LIMA,PACHACAMAC
6092,PUESTO DE SALUD QUEBRADA VERDE,150123,23,LIMA SUR,00,NO PERTENECE A NINGUNA RED,00,NO PERTENECE A NINGUNA MICRORED,000006095,1,MINSA,LIMA,LIMA,PACHACAMAC
6093,PUESTO DE SALUD GUAYABO,150123,23,LIMA SUR,00,NO PERTENECE A NINGUNA RED,00,NO PERTENECE A NINGUNA MICRORED,000006096,1,MINSA,LIMA,LIMA,PACHACAMAC
6094,PICAPIEDRA,150123,23,LIMA SUR,00,NO PERTENECE A NINGUNA RED,00,NO PERTENECE A NINGUNA MICRORED,000006097,1,MINSA,LIMA,LIMA,PACHACAMAC
6095,PUESTO DE SALUD TAMBO INGA,150123,23,LIMA SUR,00,NO PERTENECE A NINGUNA RED,00,NO PERTENECE A NINGUNA MICRORED,000006098,1,MINSA,LIMA,LIMA,PACHACAMAC
6096,PUESTO DE SALUD CARDAL,150123,23,LIMA SUR,00,NO PERTENECE A NINGUNA RED,00,NO PERTENECE A NINGUNA MICRORED,000006099,1,MINSA,LIMA,LIMA,PACHACAMAC
6098,PUESTO DE SALUD COLLANAC,150123,23,LIMA SUR,00,NO PERTENECE A NINGUNA RED,00,NO PERTENECE A NINGUNA MICRORED,000006101,1,MINSA,LIMA,LIMA,PACHACAMAC
6099,PUESTO DE SALUD HUERTOS DE MANCHAY,150123,23,LIMA SUR,00,NO PERTENECE A NINGUNA RED,00,NO PERTENECE A NINGUNA MICRORED,000006102,1,MINSA,LIMA,LIMA,PACHACAMAC
6100,PARQUES DE MANCHAY,150123,23,LIMA SUR,00,NO PERTENECE A NINGUNA RED,00,NO PERTENECE A NINGUNA MICRORED,000006103,1,MINSA,LIMA,LIMA,PACHACAMAC
6101,MANUEL BARRETO,150133,23,LIMA SUR,00,NO PERTENECE A NINGUNA RED,00,NO PERTENECE A NINGUNA MICRORED,000006104,1,MINSA,LIMA,LIMA,SAN JUAN DE MIRAFLORES
6102,LEONOR SAAVEDRA,150133,23,LIMA SUR,00,NO PERTENECE A NINGUNA RED,00,NO PERTENECE A NINGUNA MICRORED,000006105,1,MINSA,LIMA,LIMA,SAN JUAN DE MIRAFLORES
6103,VILLA SAN LUIS,150133,23,LIMA SUR,00,NO PERTENECE A NINGUNA RED,00,NO PERTENECE A NINGUNA MICRORED,000006106,1,MINSA,LIMA,LIMA,SAN JUAN DE MIRAFLORES
6104,CMI OLLANTAY,150133,23,LIMA SUR,00,NO PERTENECE A NINGUNA RED,00,NO PERTENECE A NINGUNA MICRORED,000006107,1,MINSA,LIMA,LIMA,SAN JUAN DE MIRAFLORES
6105,VIRGEN DEL BUEN PASO,150133,23,LIMA SUR,00,NO PERTENECE A NINGUNA RED,00,NO PERTENECE A NINGUNA MICRORED,000006108,1,MINSA,LIMA,LIMA,SAN JUAN DE MIRAFLORES
6106,CENTRO DE SALUD JESUS PODEROSO,150133,23,LIMA SUR,00,NO PERTENECE A NINGUNA RED,00,NO PERTENECE A NINGUNA MICRORED,000006109,1,MINSA,LIMA,LIMA,SAN JUAN DE MIRAFLORES
6107,SAN FRANCISCO DE LA CRUZ,150133,23,LIMA SUR,00,NO PERTENECE A NINGUNA RED,00,NO PERTENECE A NINGUNA MICRORED,000006110,1,MINSA,LIMA,LIMA,SAN JUAN DE MIRAFLORES
6108,12 DE NOVIEMBRE,150133,23,LIMA SUR,00,NO PERTENECE A NINGUNA RED,00,NO PERTENECE A NINGUNA MICRORED,000006111,1,MINSA,LIMA,LIMA,SAN JUAN DE MIRAFLORES
6109,LA RINCONADA,150133,23,LIMA SUR,00,NO PERTENECE A NINGUNA RED,00,NO PERTENECE A NINGUNA MICRORED,000006112,1,MINSA,LIMA,LIMA,SAN JUAN DE MIRAFLORES
6110,EL BRILLANTE,150133,23,LIMA SUR,00,NO PERTENECE A NINGUNA RED,00,NO PERTENECE A NINGUNA MICRORED,000006113,1,MINSA,LIMA,LIMA,SAN JUAN DE MIRAFLORES
6111,6 DE JULIO,150133,23,LIMA SUR,00,NO PERTENECE A NINGUNA RED,00,NO PERTENECE A NINGUNA MICRORED,000006114,1,MINSA,LIMA,LIMA,SAN JUAN DE MIRAFLORES
6112,SAN JUAN DE MIRAFLORES,150133,23,LIMA SUR,02,SAN JUAN DE MIRAFLORES - VILLA MARIA DEL TRIUNFO,01,TREBOL AZUL - SAN JUAN,000006115,1,MINSA,LIMA,LIMA,SAN JUAN DE MIRAFLORES
6113,VALLE SHARON,150133,23,LIMA SUR,00,NO PERTENECE A NINGUNA RED,00,NO PERTENECE A NINGUNA MICRORED,000006116,1,MINSA,LIMA,LIMA,SAN JUAN DE MIRAFLORES
6114,PAMPAS DE SAN JUAN,150133,23,LIMA SUR,00,NO PERTENECE A NINGUNA RED,00,NO PERTENECE A NINGUNA MICRORED,000006117,1,MINSA,LIMA,LIMA,SAN JUAN DE MIRAFLORES
6115,"PUESTO DE SALUD ""VILLA SOLIDARIDAD""",150133,23,LIMA SUR,00,NO PERTENECE A NINGUNA RED,00,NO PERTENECE A NINGUNA MICRORED,000006118,1,MINSA,LIMA,LIMA,SAN JUAN DE MIRAFLORES
6116,PUESTO DE SALUD RICARDO PALMA,150133,23,LIMA SUR,00,NO PERTENECE A NINGUNA RED,00,NO PERTENECE A NINGUNA MICRORED,000006119,1,MINSA,LIMA,LIMA,SAN JUAN DE MIRAFLORES
6117,PARAISO,150133,23,LIMA SUR,00,NO PERTENECE A NINGUNA RED,00,NO PERTENECE A NINGUNA MICRORED,000006120,1,MINSA,LIMA,LIMA,SAN JUAN DE MIRAFLORES
6118,SANTA URSULA,150133,23,LIMA SUR,00,NO PERTENECE A NINGUNA RED,00,NO PERTENECE A NINGUNA MICRORED,000006121,1,MINSA,LIMA,LIMA,SAN JUAN DE MIRAFLORES
6119,CENTRO DE SALUD TRÉBOL AZUL,150133,23,LIMA SUR,00,NO PERTENECE A NINGUNA RED,00,NO PERTENECE A NINGUNA MICRORED,000006122,1,MINSA,LIMA,LIMA,SAN JUAN DE MIRAFLORES
6120,PUESTO DE SALUD HÉROES DEL PACIFICO,150133,23,LIMA SUR,00,NO PERTENECE A NINGUNA RED,00,NO PERTENECE A NINGUNA MICRORED,000006123,1,MINSA,LIMA,LIMA,SAN JUAN DE MIRAFLORES
6121,CMI CESAR LOPEZ SILVA,150142,23,LIMA SUR,00,NO PERTENECE A NINGUNA RED,00,NO PERTENECE A NINGUNA MICRORED,000006124,1,MINSA,LIMA,LIMA,VILLA EL SALVADOR
6122,SAN MARTIN DE PORRES,150142,23,LIMA SUR,00,NO PERTENECE A NINGUNA RED,00,NO PERTENECE A NINGUNA MICRORED,000006125,1,MINSA,LIMA,LIMA,VILLA EL SALVADOR
6123,PUESTO DE SALUD PRINCIPE DE ASTURIAS,150142,23,LIMA SUR,00,NO PERTENECE A NINGUNA RED,00,NO PERTENECE A NINGUNA MICRORED,000006126,1,MINSA,LIMA,LIMA,VILLA EL SALVADOR
6124,PUESTO DE SALUD PACHACAMAC,150142,23,LIMA SUR,00,NO PERTENECE A NINGUNA RED,00,NO PERTENECE A NINGUNA MICRORED,000006127,1,MINSA,LIMA,LIMA,VILLA EL SALVADOR
6125,PUESTO DE SALUD EDILBERTO RAMOS,150142,23,LIMA SUR,00,NO PERTENECE A NINGUNA RED,00,NO PERTENECE A NINGUNA MICRORED,000006128,1,MINSA,LIMA,LIMA,VILLA EL SALVADOR
6126,BRISAS DE PACHACAMAC,150142,23,LIMA SUR,00,NO PERTENECE A NINGUNA RED,00,NO PERTENECE A NINGUNA MICRORED,000006129,1,MINSA,LIMA,LIMA,VILLA EL SALVADOR
6127,PUESTO DE SALUD VIRGEN DE LA ASUNCION,150142,23,LIMA SUR,00,NO PERTENECE A NINGUNA RED,00,NO PERTENECE A NINGUNA MICRORED,000006130,1,MINSA,LIMA,LIMA,VILLA EL SALVADOR
6128,PUESTO DE SALUD SAGRADA FAMILIA,150142,23,LIMA SUR,00,NO PERTENECE A NINGUNA RED,00,NO PERTENECE A NINGUNA MICRORED,000006131,1,MINSA,LIMA,LIMA,VILLA EL SALVADOR
6129,CENTRO MATERNO INFANTIL SAN JOSE,150142,23,LIMA SUR,00,NO PERTENECE A NINGUNA RED,00,NO PERTENECE A NINGUNA MICRORED,000006132,1,MINSA,LIMA,LIMA,VILLA EL SALVADOR
6130,CENTRO MATERNO INFANTIL JUAN PABLO II,150142,23,LIMA SUR,00,NO PERTENECE A NINGUNA RED,00,NO PERTENECE A NINGUNA MICRORED,000006133,1,MINSA,LIMA,LIMA,VILLA EL SALVADOR
6131,"PUESTO DE SALUD ""SEÑOR DE LOS MILAGROS""",150142,23,LIMA SUR,00,NO PERTENECE A NINGUNA RED,00,NO PERTENECE A NINGUNA MICRORED,000006134,1,MINSA,LIMA,LIMA,VILLA EL SALVADOR
6132,PUESTO DE SALUD LLANAVILLA,150142,23,LIMA SUR,00,NO PERTENECE A NINGUNA RED,00,NO PERTENECE A NINGUNA MICRORED,000006135,1,MINSA,LIMA,LIMA,VILLA EL SALVADOR
6133,PUESTO DE SALUD FERNANDO LUYO SIERRA,150142,23,LIMA SUR,00,NO PERTENECE A NINGUNA RED,00,NO PERTENECE A NINGUNA MICRORED,000006136,1,MINSA,LIMA,LIMA,VILLA EL SALVADOR
6134,CRISTO SALVADOR,150142,23,LIMA SUR,00,NO PERTENECE A NINGUNA RED,00,NO PERTENECE A NINGUNA MICRORED,000006137,1,MINSA,LIMA,LIMA,VILLA EL SALVADOR
6135,SARITA COLONIA,150142,23,LIMA SUR,00,NO PERTENECE A NINGUNA RED,00,NO PERTENECE A NINGUNA MICRORED,000006138,1,MINSA,LIMA,LIMA,VILLA EL SALVADOR
6136,OASIS DE VILLA,150142,23,LIMA SUR,00,NO PERTENECE A NINGUNA RED,00,NO PERTENECE A NINGUNA MICRORED,000006139,1,MINSA,LIMA,LIMA,VILLA EL SALVADOR
6137,NUEVA ESPERANZA,150143,23,LIMA SUR,00,NO PERTENECE A NINGUNA RED,00,NO PERTENECE A NINGUNA MICRORED,000006140,1,MINSA,LIMA,LIMA,VILLA MARIA DEL TRIUNFO
6138,CMI JOSE GALVEZ,150143,23,LIMA SUR,00,NO PERTENECE A NINGUNA RED,00,NO PERTENECE A NINGUNA MICRORED,000006141,1,MINSA,LIMA,LIMA,VILLA MARIA DEL TRIUNFO
6139,PUESTO DE SALUD VIRGEN DE LOURDES,150143,23,LIMA SUR,00,NO PERTENECE A NINGUNA RED,00,NO PERTENECE A NINGUNA MICRORED,000006142,1,MINSA,LIMA,LIMA,VILLA MARIA DEL TRIUNFO
6140,PUESTO DE SALUD NUEVA ESPERANZA ALTA,150143,23,LIMA SUR,00,NO PERTENECE A NINGUNA RED,00,NO PERTENECE A NINGUNA MICRORED,000006143,1,MINSA,LIMA,LIMA,VILLA MARIA DEL TRIUNFO
6141,PUESTO DE SALUD CESAR VALLEJO,150143,23,LIMA SUR,00,NO PERTENECE A NINGUNA RED,00,NO PERTENECE A NINGUNA MICRORED,000006144,1,MINSA,LIMA,LIMA,VILLA MARIA DEL TRIUNFO
6142,NUEVO PROGRESO,150143,23,LIMA SUR,00,NO PERTENECE A NINGUNA RED,00,NO PERTENECE A NINGUNA MICRORED,000006145,1,MINSA,LIMA,LIMA,VILLA MARIA DEL TRIUNFO
6143,PUESTO DE SALUD MODULO I,150143,23,LIMA SUR,00,NO PERTENECE A NINGUNA RED,00,NO PERTENECE A NINGUNA MICRORED,000006146,1,MINSA,LIMA,LIMA,VILLA MARIA DEL TRIUNFO
6146,PUESTO DE SALUD DAVID GUERRERO DUARTE,150143,23,LIMA SUR,00,NO PERTENECE A NINGUNA RED,00,NO PERTENECE A NINGUNA MICRORED,000006149,1,MINSA,LIMA,LIMA,VILLA MARIA DEL TRIUNFO
6147,PUESTO DE SALUD SANTA ROSA LAS CONCHITAS,150143,23,LIMA SUR,00,NO PERTENECE A NINGUNA RED,00,NO PERTENECE A NINGUNA MICRORED,000006150,1,MINSA,LIMA,LIMA,VILLA MARIA DEL TRIUNFO
6148,CMI VILLA MARIA DEL TRIUNFO,150143,23,LIMA SUR,00,NO PERTENECE A NINGUNA RED,00,NO PERTENECE A NINGUNA MICRORED,000006151,1,MINSA,LIMA,LIMA,VILLA MARIA DEL TRIUNFO
6149,JOSE CARLOS MARIATEGUI,150143,23,LIMA SUR,02,SAN JUAN DE MIRAFLORES - VILLA MARIA DEL TRIUNFO,05,VILLA MARIA - JOSE CARLOS MARIATEGUI,000006152,1,MINSA,LIMA,LIMA,VILLA MARIA DEL TRIUNFO
6150,CENTRO MATERNO INFANTIL DANIEL ALCIDES CARRION,150143,23,LIMA SUR,00,NO PERTENECE A NINGUNA RED,00,NO PERTENECE A NINGUNA MICRORED,000006153,1,MINSA,LIMA,LIMA,VILLA MARIA DEL TRIUNFO
6151,PUESTO DE SALUD SANTA ROSA DE BELEN,150143,23,LIMA SUR,00,NO PERTENECE A NINGUNA RED,00,NO PERTENECE A NINGUNA MICRORED,000006154,1,MINSA,LIMA,LIMA,VILLA MARIA DEL TRIUNFO
6152,CENTRO DE SALUD MENTAL COMUNITARIO SAN GABRIEL ALTO,150143,23,LIMA SUR,02,SAN JUAN DE MIRAFLORES - VILLA MARIA DEL TRIUNFO,05,VILLA MARIA - JOSE CARLOS MARIATEGUI,000006155,1,MINSA,LIMA,LIMA,VILLA MARIA DEL TRIUNFO
6153,PUESTO DE SALUD VALLE BAJO,150143,23,LIMA SUR,00,NO PERTENECE A NINGUNA RED,00,NO PERTENECE A NINGUNA MICRORED,000006156,1,MINSA,LIMA,LIMA,VILLA MARIA DEL TRIUNFO
6154,PUESTO DE SALUD BUENOS AIRES,150143,23,LIMA SUR,00,NO PERTENECE A NINGUNA RED,00,NO PERTENECE A NINGUNA MICRORED,000006157,1,MINSA,LIMA,LIMA,VILLA MARIA DEL TRIUNFO
6155,PUESTO DE SALUD VILLA LIMATAMBO,150143,23,LIMA SUR,00,NO PERTENECE A NINGUNA RED,00,NO PERTENECE A NINGUNA MICRORED,000006158,1,MINSA,LIMA,LIMA,VILLA MARIA DEL TRIUNFO
6156,PUESTO DE SALUD VALLE ALTO,150143,23,LIMA SUR,00,NO PERTENECE A NINGUNA RED,00,NO PERTENECE A NINGUNA MICRORED,000006159,1,MINSA,LIMA,LIMA,VILLA MARIA DEL TRIUNFO
6157,PUESTO DE SALUD MICAELA BASTIDAS,150143,23,LIMA SUR,00,NO PERTENECE A NINGUNA RED,00,NO PERTENECE A NINGUNA MICRORED,000006160,1,MINSA,LIMA,LIMA,VILLA MARIA DEL TRIUNFO
6158,TORRES DE MELGAR,150143,23,LIMA SUR,00,NO PERTENECE A NINGUNA RED,00,NO PERTENECE A NINGUNA MICRORED,000006161,1,MINSA,LIMA,LIMA,VILLA MARIA DEL TRIUNFO
6159,CENTRO DE EMERGENCIAS SAN PEDRO DE LOS CHORRILLOS,150108,23,LIMA SUR,00,NO PERTENECE A NINGUNA RED,00,NO PERTENECE A NINGUNA MICRORED,000006162,1,MINSA,LIMA,LIMA,CHORRILLOS
6160,LEONCIO PRADO,150133,23,LIMA SUR,00,NO PERTENECE A NINGUNA RED,00,NO PERTENECE A NINGUNA MICRORED,000006163,1,MINSA,LIMA,LIMA,SAN JUAN DE MIRAFLORES
6161,CENTRO MATERNO INFANTIL TABLADA DE LURIN,150143,23,LIMA SUR,00,NO PERTENECE A NINGUNA RED,00,NO PERTENECE A NINGUNA MICRORED,000006164,1,MINSA,LIMA,LIMA,VILLA MARIA DEL TRIUNFO
6167,MAX ARIAS SCHREIBER,150115,36,LIMA CENTRO,21,LIMA CIUDAD,03,C.S. MAX ARIAS SCHEREIBER,000006170,1,MINSA,LIMA,LIMA,LA VICTORIA
6168,JUAN PEREZ CARRANZA,150101,36,LIMA CENTRO,21,LIMA CIUDAD,01,C.S. SAN SEBASTIAN,000006171,1,MINSA,LIMA,LIMA,LIMA
6169,JARDIN ROSA DE SANTA MARIA,150101,36,LIMA CENTRO,21,LIMA CIUDAD,01,C.S. SAN SEBASTIAN,000006172,1,MINSA,LIMA,LIMA,LIMA
6170,EL PINO,150115,36,LIMA CENTRO,21,LIMA CIUDAD,03,C.S. MAX ARIAS SCHEREIBER,000006173,1,MINSA,LIMA,LIMA,LA VICTORIA
6171,CLAS CERRO EL PINO,150115,36,LIMA CENTRO,21,LIMA CIUDAD,03,C.S. MAX ARIAS SCHEREIBER,000006174,1,MINSA,LIMA,LIMA,LA VICTORIA
6172,EL PORVENIR,150115,36,LIMA CENTRO,00,NO PERTENECE A NINGUNA RED,00,NO PERTENECE A NINGUNA MICRORED,000006175,1,MINSA,LIMA,LIMA,LA VICTORIA
6173,SAN COSME,150115,36,LIMA CENTRO,21,LIMA CIUDAD,00,NO PERTENECE A NINGUNA MICRORED,000006176,1,MINSA,LIMA,LIMA,LA VICTORIA
6174,SAN LUIS,150134,36,LIMA CENTRO,21,LIMA CIUDAD,03,C.S. MAX ARIAS SCHEREIBER,000006177,1,MINSA,LIMA,LIMA,SAN LUIS
6175,CENTRO DE SALUD SURQUILLO,150141,36,LIMA CENTRO,00,NO PERTENECE A NINGUNA RED,00,NO PERTENECE A NINGUNA MICRORED,000006178,1,MINSA,LIMA,LIMA,SURQUILLO
6176,CENTRO DE SALUD SAN ATANACIO DE PEDREGAL,150141,36,LIMA CENTRO,00,NO PERTENECE A NINGUNA RED,00,NO PERTENECE A NINGUNA MICRORED,000006179,1,MINSA,LIMA,LIMA,SURQUILLO
6177,VILLA VICTORIA PORVENIR,150141,36,LIMA CENTRO,00,NO PERTENECE A NINGUNA RED,00,NO PERTENECE A NINGUNA MICRORED,000006180,1,MINSA,LIMA,LIMA,SURQUILLO
6178,SAN JUAN MASIAS,150130,36,LIMA CENTRO,00,NO PERTENECE A NINGUNA RED,00,NO PERTENECE A NINGUNA MICRORED,000006181,1,MINSA,LIMA,LIMA,SAN BORJA
6180,CENTRO DE SALUD TODOS LOS SANTOS SAN BORJA,150130,36,LIMA CENTRO,00,NO PERTENECE A NINGUNA RED,00,NO PERTENECE A NINGUNA MICRORED,000006183,1,MINSA,LIMA,LIMA,SAN BORJA
6181,BREÑA,150105,36,LIMA CENTRO,21,LIMA CIUDAD,01,C.S. SAN SEBASTIAN,000006184,1,MINSA,LIMA,LIMA,BREÑA
6182,CHACRA COLORADA,150105,36,LIMA CENTRO,21,LIMA CIUDAD,01,C.S. SAN SEBASTIAN,000006185,1,MINSA,LIMA,LIMA,BREÑA
6183,CONDE DE LA VEGA BAJA,150101,36,LIMA CENTRO,00,NO PERTENECE A NINGUNA RED,00,NO PERTENECE A NINGUNA MICRORED,000006186,1,MINSA,LIMA,LIMA,LIMA
6184,CENTRO DE SALUD MIRONES BAJO,150101,36,LIMA CENTRO,00,NO PERTENECE A NINGUNA RED,00,NO PERTENECE A NINGUNA MICRORED,000006187,1,MINSA,LIMA,LIMA,LIMA
6185,PUESTO DE SALUD RESCATE,150101,36,LIMA CENTRO,00,NO PERTENECE A NINGUNA RED,00,NO PERTENECE A NINGUNA MICRORED,000006188,1,MINSA,LIMA,LIMA,LIMA
6186,PALERMO,150101,36,LIMA CENTRO,21,LIMA CIUDAD,01,C.S. SAN SEBASTIAN,000006189,1,MINSA,LIMA,LIMA,LIMA
6187,SANTA ROSA,150101,36,LIMA CENTRO,21,LIMA CIUDAD,01,C.S. SAN SEBASTIAN,000006190,1,MINSA,LIMA,LIMA,LIMA
6188,SAN SEBASTIAN,150101,36,LIMA CENTRO,21,LIMA CIUDAD,01,C.S. SAN SEBASTIAN,000006191,1,MINSA,LIMA,LIMA,LIMA
6189,MIRONES,150101,36,LIMA CENTRO,21,LIMA CIUDAD,01,C.S. SAN SEBASTIAN,000006192,1,MINSA,LIMA,LIMA,LIMA
6190,UNIDAD VECINAL Nº 3,150101,36,LIMA CENTRO,21,LIMA CIUDAD,01,C.S. SAN SEBASTIAN,000006193,1,MINSA,LIMA,LIMA,LIMA
6191,CENTRO DE SALUD VILLA MARIA PERPETUO SOCORRO,150101,36,LIMA CENTRO,21,LIMA CIUDAD,01,C.S. SAN SEBASTIAN,000006194,1,MINSA,LIMA,LIMA,LIMA
6192,LINCE,150116,36,LIMA CENTRO,21,LIMA CIUDAD,03,C.S. MAX ARIAS SCHEREIBER,000006195,1,MINSA,LIMA,LIMA,LINCE
6193,MAGDALENA,150120,36,LIMA CENTRO,21,LIMA CIUDAD,02,C.S. MAGDALENA,000006196,1,MINSA,LIMA,LIMA,MAGDALENA DEL MAR
6194,CENTRO DE SALUD SAN ISIDRO,150131,36,LIMA CENTRO,00,NO PERTENECE A NINGUNA RED,00,NO PERTENECE A NINGUNA MICRORED,000006197,1,MINSA,LIMA,LIMA,SAN ISIDRO
6195,SAN MIGUEL,150136,36,LIMA CENTRO,21,LIMA CIUDAD,02,C.S. MAGDALENA,000006198,1,MINSA,LIMA,LIMA,SAN MIGUEL
6196,CENTRO DE SALUD HUACA PANDO,150136,36,LIMA CENTRO,00,NO PERTENECE A NINGUNA RED,00,NO PERTENECE A NINGUNA MICRORED,000006199,1,MINSA,LIMA,LIMA,SAN MIGUEL
6197,CENTRO DE SALUD SANTA CRUZ DE MIRAFLORES,150122,36,LIMA CENTRO,00,NO PERTENECE A NINGUNA RED,00,NO PERTENECE A NINGUNA MICRORED,000006200,1,MINSA,LIMA,LIMA,MIRAFLORES
6198,JESUS MARIA,150113,36,LIMA CENTRO,21,LIMA CIUDAD,02,C.S. MAGDALENA,000006201,1,MINSA,LIMA,LIMA,JESUS MARIA
6199,CENTRO REF. ESP. ANTIRRABICO - ESPECIALIZADO EN ZOONOSIS,150101,36,LIMA CENTRO,21,LIMA CIUDAD,01,C.S. SAN SEBASTIAN,000006202,1,MINSA,LIMA,LIMA,LIMA
6200,CENTRO ESPECIALIZADO DE REFERENCIA DE ITSS Y VIH/SIDA RAUL PATRUCCO PUIG,150101,36,LIMA CENTRO,21,LIMA CIUDAD,01,C.S. SAN SEBASTIAN,000006203,1,MINSA,LIMA,LIMA,LIMA
6201,LABORATORIO DE REFERENCIA,150120,36,LIMA CENTRO,00,NO PERTENECE A NINGUNA RED,00,NO PERTENECE A NINGUNA MICRORED,000006204,1,MINSA,LIMA,LIMA,MAGDALENA DEL MAR
6202,CENTRO S. ESPECIALIZ. VACUNACION INTERNACION,150131,36,LIMA CENTRO,00,NO PERTENECE A NINGUNA RED,00,NO PERTENECE A NINGUNA MICRORED,000006205,1,MINSA,LIMA,LIMA,SAN ISIDRO
6203,NACIONAL  DOS DE MAYO,150101,36,LIMA CENTRO,00,NO PERTENECE A NINGUNA RED,00,NO PERTENECE A NINGUNA MICRORED,000006206,1,MINSA,LIMA,LIMA,LIMA
6204,NACIONAL ARZOBISPO LOAYZA,150101,36,LIMA CENTRO,00,NO PERTENECE A NINGUNA RED,00,NO PERTENECE A NINGUNA MICRORED,000006207,1,MINSA,LIMA,LIMA,LIMA
6205,INSTITUTO NACIONAL MATERNO PERINATAL,150101,36,LIMA CENTRO,00,NO PERTENECE A NINGUNA RED,00,NO PERTENECE A NINGUNA MICRORED,000006208,1,MINSA,LIMA,LIMA,LIMA
6206,INSTITUTO NACIONAL DE CIENCIAS NEUROLOGICAS,150101,36,LIMA CENTRO,00,NO PERTENECE A NINGUNA RED,00,NO PERTENECE A NINGUNA MICRORED,000006209,1,MINSA,LIMA,LIMA,LIMA
6207,INSTITUTO NACIONAL DE ENFERMEDADES NEOPLASICAS,150141,36,LIMA CENTRO,00,NO PERTENECE A NINGUNA RED,00,NO PERTENECE A NINGUNA MICRORED,000006210,1,MINSA,LIMA,LIMA,SURQUILLO
6208,HOSPITAL DE APOYO SANTA ROSA,150121,36,LIMA CENTRO,00,NO PERTENECE A NINGUNA RED,00,NO PERTENECE A NINGUNA MICRORED,000006211,1,MINSA,LIMA,LIMA,MAGDALENA VIEJA (PUEBLO LIBRE)
6209,HOSPITAL DE EMERGENCIAS PEDIATRICAS,150115,36,LIMA CENTRO,00,NO PERTENECE A NINGUNA RED,00,NO PERTENECE A NINGUNA MICRORED,000006212,1,MINSA,LIMA,LIMA,LA VICTORIA
6210,HOSPITAL DE EMERGENCIAS JOSE CASIMIRO ULLOA,150122,36,LIMA CENTRO,00,NO PERTENECE A NINGUNA RED,00,NO PERTENECE A NINGUNA MICRORED,000006213,1,MINSA,LIMA,LIMA,MIRAFLORES
6211,HOSPITAL VICTOR LARCO HERRERA,150120,36,LIMA CENTRO,00,NO PERTENECE A NINGUNA RED,00,NO PERTENECE A NINGUNA MICRORED,000006214,1,MINSA,LIMA,LIMA,MAGDALENA DEL MAR
6212,HOSPITAL NACIONAL DOCENTE MADRE NIÑO SAN BARTOLOME,150101,36,LIMA CENTRO,00,NO PERTENECE A NINGUNA RED,00,NO PERTENECE A NINGUNA MICRORED,000006215,1,MINSA,LIMA,LIMA,LIMA
6213,INSTITUTO NACIONAL DE SALUD DEL NIÑO,150105,36,LIMA CENTRO,00,NO PERTENECE A NINGUNA RED,00,NO PERTENECE A NINGUNA MICRORED,000006216,1,MINSA,LIMA,LIMA,BREÑA
6214,INO DR. FRANCISCO CONTRERAS C.,150101,36,LIMA CENTRO,00,NO PERTENECE A NINGUNA RED,00,NO PERTENECE A NINGUNA MICRORED,000006217,1,MINSA,LIMA,LIMA,LIMA
6611,VIÑA ALTA,150114,21,LIMA ESTE,00,NO PERTENECE A NINGUNA RED,00,NO PERTENECE A NINGUNA MICRORED,000006616,1,MINSA,LIMA,LIMA,LA MOLINA
6722,CASA HUERTA LA CAMPIÑA,150118,21,LIMA ESTE,01,LIMA ESTE METROPOLITANA,09,CHOSICA II,000006735,1,MINSA,LIMA,LIMA,LURIGANCHO (CHOSICA)
6734,SANTA ANITA,150137,21,LIMA ESTE,01,LIMA ESTE METROPOLITANA,02,SANTA ANITA,000006750,1,MINSA,LIMA,LIMA,SANTA ANITA
6828,TUPAC AMARU,150103,21,LIMA ESTE,00,NO PERTENECE A NINGUNA RED,00,NO PERTENECE A NINGUNA MICRORED,000006849,1,MINSA,LIMA,LIMA,ATE
6851,JOSE MARIA ARGUEDAS,150133,23,LIMA SUR,00,NO PERTENECE A NINGUNA RED,00,NO PERTENECE A NINGUNA MICRORED,000006872,1,MINSA,LIMA,LIMA,SAN JUAN DE MIRAFLORES
6864,SANTIAGO APOSTOL,150110,35,LIMA NORTE,24,TUPAC AMARU,02,MICRO RED SANTA LUZMILA I,000006886,1,MINSA,LIMA,LIMA,COMAS
6929,LAS DUNAS,150140,23,LIMA SUR,00,NO PERTENECE A NINGUNA RED,00,NO PERTENECE A NINGUNA MICRORED,000006952,1,MINSA,LIMA,LIMA,SANTIAGO DE SURCO
6976,SAGRADA FAMILIA,150132,36,LIMA CENTRO,02,SAN JUAN DE LURIGANCHO,04,JAIME ZUBIETA,000006999,1,MINSA,LIMA,LIMA,SAN JUAN DE LURIGANCHO
7023,CESAR VALLEJO,150132,36,LIMA CENTRO,02,SAN JUAN DE LURIGANCHO,05,JOSE CARLOS MARIATEGUI,000007046,1,MINSA,LIMA,LIMA,SAN JUAN DE LURIGANCHO
7114,SAN BENITO,150106,35,LIMA NORTE,26,RED DE SALUD LIMA NORTE IV,01,SUREÑOS,000007138,1,MINSA,LIMA,LIMA,CARABAYLLO
7124,LA FRATERNIDAD,150103,21,LIMA ESTE,00,NO PERTENECE A NINGUNA RED,00,NO PERTENECE A NINGUNA MICRORED,000007149,1,MINSA,LIMA,LIMA,ATE
7246,PUESTO DE SALUD HEROES DEL CENEPA,150142,23,LIMA SUR,00,NO PERTENECE A NINGUNA RED,00,NO PERTENECE A NINGUNA MICRORED,000007278,1,MINSA,LIMA,LIMA,VILLA EL SALVADOR
7324,MARISCAL CACERES,150132,36,LIMA CENTRO,00,NO PERTENECE A NINGUNA RED,00,NO PERTENECE A NINGUNA MICRORED,000007357,1,MINSA,LIMA,LIMA,SAN JUAN DE LURIGANCHO
7360,HOSPITAL CARLOS LANFRANCO LA HOZ,150125,35,LIMA NORTE,00,NO PERTENECE A NINGUNA RED,00,NO PERTENECE A NINGUNA MICRORED,000007632,1,MINSA,LIMA,LIMA,PUENTE PIEDRA
7361,HOSPITAL NACIONAL CAYETANO HEREDIA,150135,35,LIMA NORTE,00,NO PERTENECE A NINGUNA RED,00,NO PERTENECE A NINGUNA MICRORED,000007633,1,MINSA,LIMA,LIMA,SAN MARTIN DE PORRES
7362,NACIONAL SERGIO E. BERNALES,150110,35,LIMA NORTE,00,NO PERTENECE A NINGUNA RED,00,NO PERTENECE A NINGUNA MICRORED,000007634,1,MINSA,LIMA,LIMA,COMAS
7373,PUESTO DE SALUD 5 DE MAYO,150133,23,LIMA SUR,00,NO PERTENECE A NINGUNA RED,00,NO PERTENECE A NINGUNA MICRORED,000007645,1,MINSA,LIMA,LIMA,SAN JUAN DE MIRAFLORES
7380,EL ALAMO,150110,35,LIMA NORTE,24,TUPAC AMARU,02,MICRO RED SANTA LUZMILA I,000007684,1,MINSA,LIMA,LIMA,COMAS
7410,PUESTO DE SALUD SASBI,150142,23,LIMA SUR,00,NO PERTENECE A NINGUNA RED,00,NO PERTENECE A NINGUNA MICRORED,000007716,1,MINSA,LIMA,LIMA,VILLA EL SALVADOR
7427,"INSTITUTO NACIONAL DE SALUD MENTAL ""HONORIO DELGADO - HIDEYO NOGUCHI""",150135,35,LIMA NORTE,00,NO PERTENECE A NINGUNA RED,00,NO PERTENECE A NINGUNA MICRORED,000007733,1,MINSA,LIMA,LIMA,SAN MARTIN DE PORRES
7428,"INSTITUTO NACIONAL DE REHABILITACION ""DRA. ADRIANA REBAZA FLORES"" AMISTAD PERU - JAPON",150108,23,LIMA SUR,00,NO PERTENECE A NINGUNA RED,00,NO PERTENECE A NINGUNA MICRORED,000007734,1,MINSA,LIMA,LIMA,CHORRILLOS
7429,JUAN PABLO II,150106,35,LIMA NORTE,26,RED DE SALUD LIMA NORTE IV,01,SUREÑOS,000007735,1,MINSA,LIMA,LIMA,CARABAYLLO
8458,LADERAS DE VILLA,150133,23,LIMA SUR,00,NO PERTENECE A NINGUNA RED,00,NO PERTENECE A NINGUNA MICRORED,000007434,1,MINSA,LIMA,LIMA,SAN JUAN DE MIRAFLORES
8908,CENTRO DE REHABILITACION DENTAL ESPECIALIZADA S.A.C.,150117,35,LIMA NORTE,00,NO PERTENECE A NINGUNA RED,00,NO PERTENECE A NINGUNA MICRORED,000009771,10,PRIVADO,LIMA,LIMA,LOS OLIVOS
10847,CENTRO DENTAL SAN JOSE E.I.R.L.,150131,36,LIMA CENTRO,00,NO PERTENECE A NINGUNA RED,00,NO PERTENECE A NINGUNA MICRORED,000009497,10,PRIVADO,LIMA,LIMA,SAN ISIDRO
10896,CLINICA SANTA LUCIA S.A.C.,150130,36,LIMA CENTRO,00,NO PERTENECE A NINGUNA RED,00,NO PERTENECE A NINGUNA MICRORED,000010515,10,PRIVADO,LIMA,LIMA,SAN BORJA
11006,PUESTO DE SALUD PARAISO ALTO,150143,23,LIMA SUR,00,NO PERTENECE A NINGUNA RED,00,NO PERTENECE A NINGUNA MICRORED,000009565,1,MINSA,LIMA,LIMA,VILLA MARIA DEL TRIUNFO
11253,ODONTOFRESH,150120,36,LIMA CENTRO,00,NO PERTENECE A NINGUNA RED,00,NO PERTENECE A NINGUNA MICRORED,000009980,10,PRIVADO,LIMA,LIMA,MAGDALENA DEL MAR
11441,BELLE DENT S.R.L.,150131,36,LIMA CENTRO,00,NO PERTENECE A NINGUNA RED,00,NO PERTENECE A NINGUNA MICRORED,000010028,10,PRIVADO,LIMA,LIMA,SAN ISIDRO
11633,BIOSMED,150141,36,LIMA CENTRO,00,NO PERTENECE A NINGUNA RED,00,NO PERTENECE A NINGUNA MICRORED,000010457,10,PRIVADO,LIMA,LIMA,SURQUILLO
11797,VILLA MERCEDES,150118,21,LIMA ESTE,00,NO PERTENECE A NINGUNA RED,00,NO PERTENECE A NINGUNA MICRORED,000010093,1,MINSA,LIMA,LIMA,LURIGANCHO (CHOSICA)
12467,SERVICIOS MULTIPLES AVC  S.A.C.,150106,35,LIMA NORTE,00,NO PERTENECE A NINGUNA RED,00,NO PERTENECE A NINGUNA MICRORED,000011385,10,PRIVADO,LIMA,LIMA,CARABAYLLO
12751,CLÍNICA PERUANA DE LA VISION,150113,36,LIMA CENTRO,00,NO PERTENECE A NINGUNA RED,00,NO PERTENECE A NINGUNA MICRORED,000010669,10,PRIVADO,LIMA,LIMA,JESUS MARIA
13139,JESUS OROPEZA CHONTA,150125,35,LIMA NORTE,00,NO PERTENECE A NINGUNA RED,00,NO PERTENECE A NINGUNA MICRORED,000010633,1,MINSA,LIMA,LIMA,PUENTE PIEDRA
13419,CLÍNICA NORVISION,150121,36,LIMA CENTRO,00,NO PERTENECE A NINGUNA RED,00,NO PERTENECE A NINGUNA MICRORED,000011741,10,PRIVADO,LIMA,LIMA,MAGDALENA VIEJA (PUEBLO LIBRE)
13513,TERACELL GROUP S.A.C.,150131,36,LIMA CENTRO,00,NO PERTENECE A NINGUNA RED,00,NO PERTENECE A NINGUNA MICRORED,000010807,10,PRIVADO,LIMA,LIMA,SAN ISIDRO
13972,ODONTOFRESH CENTRO ODONTOLOGICO - SURCO,150140,23,LIMA SUR,00,NO PERTENECE A NINGUNA RED,00,NO PERTENECE A NINGUNA MICRORED,000011566,10,PRIVADO,LIMA,LIMA,SANTIAGO DE SURCO
14401,DENTILANDIA  KIDS,150110,35,LIMA NORTE,00,NO PERTENECE A NINGUNA RED,00,NO PERTENECE A NINGUNA MICRORED,000011504,10,PRIVADO,LIMA,LIMA,COMAS
14645,ASOCIACION PERUANA DE SALUD INTEGRAL ASP ESIN,150116,36,LIMA CENTRO,00,NO PERTENECE A NINGUNA RED,00,NO PERTENECE A NINGUNA MICRORED,000012372,10,PRIVADO,LIMA,LIMA,LINCE
14678,GRECIA ANDREA SAC,150122,36,LIMA CENTRO,00,NO PERTENECE A NINGUNA RED,00,NO PERTENECE A NINGUNA MICRORED,000011552,10,PRIVADO,LIMA,LIMA,MIRAFLORES
14928,SOLUCIONES MEDICAS PERU SAC,150117,35,LIMA NORTE,00,NO PERTENECE A NINGUNA RED,00,NO PERTENECE A NINGUNA MICRORED,000011930,10,PRIVADO,LIMA,LIMA,LOS OLIVOS
15486,SU MAJESTAD HIROITO,150106,35,LIMA NORTE,24,TUPAC AMARU,04,MICRO RED CARABAYLLO,000011891,1,MINSA,LIMA,LIMA,CARABAYLLO
16116,MULTIDENT S.R.LTDA.,150136,36,LIMA CENTRO,00,NO PERTENECE A NINGUNA RED,00,NO PERTENECE A NINGUNA MICRORED,000012622,10,PRIVADO,LIMA,LIMA,SAN MIGUEL
16577,CARDIOCLINIC,150130,36,LIMA CENTRO,00,NO PERTENECE A NINGUNA RED,00,NO PERTENECE A NINGUNA MICRORED,000012685,10,PRIVADO,LIMA,LIMA,SAN BORJA
16752,INSTITUTO PERUANO DE ALERGIA ASMA E INMUNOLOGIA S.A.C.,150113,36,LIMA CENTRO,00,NO PERTENECE A NINGUNA RED,00,NO PERTENECE A NINGUNA MICRORED,000012616,10,PRIVADO,LIMA,LIMA,JESUS MARIA
16838,PUESTO DE SALUD CIUDAD DE GOSEN,150143,23,LIMA SUR,00,NO PERTENECE A NINGUNA RED,00,NO PERTENECE A NINGUNA MICRORED,000012847,1,MINSA,LIMA,LIMA,VILLA MARIA DEL TRIUNFO
17036,LUIS ALBERTO BAZAGOITIA CARDENAS,150110,35,LIMA NORTE,24,TUPAC AMARU,03,MICRO RED COLLIQUE 3ERA. ZONA,000012668,1,MINSA,LIMA,LIMA,COMAS
17240,PUESTO DE SALUD MARTHA MILAGROS BAJA,150119,23,LIMA SUR,00,NO PERTENECE A NINGUNA RED,00,NO PERTENECE A NINGUNA MICRORED,000016852,1,MINSA,LIMA,LIMA,LURIN
17806,SG NATCLAR SAC,150110,35,LIMA NORTE,00,NO PERTENECE A NINGUNA RED,00,NO PERTENECE A NINGUNA MICRORED,000013890,10,PRIVADO,LIMA,LIMA,COMAS
17853,FRATERNIDAD NIÑO JESUS ZONA X,150103,21,LIMA ESTE,00,NO PERTENECE A NINGUNA RED,00,NO PERTENECE A NINGUNA MICRORED,000013186,1,MINSA,LIMA,LIMA,ATE
17946,PS MARIANNE PREUSS DE STARK,150133,23,LIMA SUR,00,NO PERTENECE A NINGUNA RED,00,NO PERTENECE A NINGUNA MICRORED,000013486,1,MINSA,LIMA,LIMA,SAN JUAN DE MIRAFLORES
18012,CERRO EL AGUSTINO,150111,21,LIMA ESTE,01,LIMA ESTE METROPOLITANA,01,EL AGUSTINO,000013261,1,MINSA,LIMA,LIMA,EL AGUSTINO
18825,ASOCIACION CENTRO MEDICO PADRE CLARET,150115,36,LIMA CENTRO,00,NO PERTENECE A NINGUNA RED,00,NO PERTENECE A NINGUNA MICRORED,000014030,10,PRIVADO,LIMA,LIMA,LA VICTORIA
19163,POLICLINICO MEDICARE,150117,35,LIMA NORTE,00,NO PERTENECE A NINGUNA RED,00,NO PERTENECE A NINGUNA MICRORED,000013885,10,PRIVADO,LIMA,LIMA,LOS OLIVOS
19419,LABORATORIO DE REFERENCIA EN SALUD PUBLICA,150111,21,LIMA ESTE,00,NO PERTENECE A NINGUNA RED,00,NO PERTENECE A NINGUNA MICRORED,000013937,1,MINSA,LIMA,LIMA,EL AGUSTINO
19769,MONTEVIE SOCIEDAD ANONIMA CERRADA,150121,36,LIMA CENTRO,00,NO PERTENECE A NINGUNA RED,00,NO PERTENECE A NINGUNA MICRORED,000015774,10,PRIVADO,LIMA,LIMA,MAGDALENA VIEJA (PUEBLO LIBRE)
20168,PROFAM,150139,35,LIMA NORTE,26,RED DE SALUD LIMA NORTE IV,02,ZAPALLAL,000014727,1,MINSA,LIMA,LIMA,SANTA ROSA
20768,CENTRO DE SALUD CLAS JUAN PABLO II,150123,23,LIMA SUR,00,NO PERTENECE A NINGUNA RED,00,NO PERTENECE A NINGUNA MICRORED,000015075,1,MINSA,LIMA,LIMA,PACHACAMAC
21114,MI MUNDO ES TU MUNDO E.I.R.L.,150136,36,LIMA CENTRO,00,NO PERTENECE A NINGUNA RED,00,NO PERTENECE A NINGUNA MICRORED,000015139,10,PRIVADO,LIMA,LIMA,SAN MIGUEL
22374,CENTRO DE ATENCION DEL ADULTO MAYOR TAYTA WASI,150143,23,LIMA SUR,00,NO PERTENECE A NINGUNA RED,00,NO PERTENECE A NINGUNA MICRORED,000015544,1,MINSA,LIMA,LIMA,VILLA MARIA DEL TRIUNFO
23764,PUESTO DE SALUD 12 DE JUNIO,150143,23,LIMA SUR,00,NO PERTENECE A NINGUNA RED,00,NO PERTENECE A NINGUNA MICRORED,000016630,1,MINSA,LIMA,LIMA,VILLA MARIA DEL TRIUNFO
24049,VILLAS DE ANCON,150102,35,LIMA NORTE,26,RED DE SALUD LIMA NORTE IV,02,ZAPALLAL,000016525,1,MINSA,LIMA,LIMA,ANCON
24194,INSTITUTO NACIONAL DE SALUD NIÑO SAN BORJA,150130,36,LIMA CENTRO,00,NO PERTENECE A NINGUNA RED,00,NO PERTENECE A NINGUNA MICRORED,000016918,1,MINSA,LIMA,LIMA,SAN BORJA
24298,LUCOMBA E.I.R.L.,150122,36,LIMA CENTRO,00,NO PERTENECE A NINGUNA RED,00,NO PERTENECE A NINGUNA MICRORED,000016606,10,PRIVADO,LIMA,LIMA,MIRAFLORES
24562,ESTIMULACION TEMPRANA Y ASESORÍA PSICOLOGICA,150103,21,LIMA ESTE,00,NO PERTENECE A NINGUNA RED,00,NO PERTENECE A NINGUNA MICRORED,000016765,10,PRIVADO,LIMA,LIMA,ATE
24677,GINOFER S.A.C,150131,36,LIMA CENTRO,00,NO PERTENECE A NINGUNA RED,00,NO PERTENECE A NINGUNA MICRORED,000016923,10,PRIVADO,LIMA,LIMA,SAN ISIDRO
25054,SP CORPORACIÓN MÉDICA S.A.C.,150117,35,LIMA NORTE,00,NO PERTENECE A NINGUNA RED,00,NO PERTENECE A NINGUNA MICRORED,000017060,10,PRIVADO,LIMA,LIMA,LOS OLIVOS
25862,JUAN CARLOS SOBERON,150143,23,LIMA SUR,00,NO PERTENECE A NINGUNA RED,00,NO PERTENECE A NINGUNA MICRORED,000017440,1,MINSA,LIMA,LIMA,VILLA MARIA DEL TRIUNFO
26124,CLINICA ODONTOLOGICA RIECKHOF,150133,23,LIMA SUR,00,NO PERTENECE A NINGUNA RED,00,NO PERTENECE A NINGUNA MICRORED,000018024,10,PRIVADO,LIMA,LIMA,SAN JUAN DE MIRAFLORES
26986,CENTRO MEDICO ORBEGOSO,150105,36,LIMA CENTRO,00,NO PERTENECE A NINGUNA RED,00,NO PERTENECE A NINGUNA MICRORED,000017977,10,PRIVADO,LIMA,LIMA,BREÑA
27257,CENTRO MEDICO MELITON CARVAJAL,150134,36,LIMA CENTRO,00,NO PERTENECE A NINGUNA RED,00,NO PERTENECE A NINGUNA MICRORED,000018147,10,PRIVADO,LIMA,LIMA,SAN LUIS
28622,ODONTOPLUS,150143,23,LIMA SUR,00,NO PERTENECE A NINGUNA RED,00,NO PERTENECE A NINGUNA MICRORED,000018834,10,PRIVADO,LIMA,LIMA,VILLA MARIA DEL TRIUNFO
29436,POLICLINICO CARDIO VIDA S.A.C.,150110,35,LIMA NORTE,00,NO PERTENECE A NINGUNA RED,00,NO PERTENECE A NINGUNA MICRORED,000019707,10,PRIVADO,LIMA,LIMA,COMAS
29729,SACABER S.A.C.,150116,36,LIMA CENTRO,00,NO PERTENECE A NINGUNA RED,00,NO PERTENECE A NINGUNA MICRORED,000019993,10,PRIVADO,LIMA,LIMA,LINCE
30866,CENTRO DE SALUD MENTAL COMUNITARIO CARABAYLLO,150106,35,LIMA NORTE,00,NO PERTENECE A NINGUNA RED,00,NO PERTENECE A NINGUNA MICRORED,000021104,1,MINSA,LIMA,LIMA,CARABAYLLO
31603,DENTAL MARCOS,150121,36,LIMA CENTRO,00,NO PERTENECE A NINGUNA RED,00,NO PERTENECE A NINGUNA MICRORED,000021833,10,PRIVADO,LIMA,LIMA,MAGDALENA VIEJA (PUEBLO LIBRE)
31605,GRUPO JARYG SAC,150135,35,LIMA NORTE,00,NO PERTENECE A NINGUNA RED,00,NO PERTENECE A NINGUNA MICRORED,000021839,10,PRIVADO,LIMA,LIMA,SAN MARTIN DE PORRES
31717,CENTRAL DE REFERENCIA Y CONTRARREFERENCIA,150132,36,LIMA CENTRO,00,NO PERTENECE A NINGUNA RED,00,NO PERTENECE A NINGUNA MICRORED,000021762,1,MINSA,LIMA,LIMA,SAN JUAN DE LURIGANCHO
31775,INSTITUTO PERUANO DEL DEPORTE - DINASEB,150101,36,LIMA CENTRO,00,NO PERTENECE A NINGUNA RED,00,NO PERTENECE A NINGUNA MICRORED,000021986,11,OTRO,LIMA,LIMA,LIMA
31918,DIRECCION DE SERVICIOS DE ATENCION MOVIL DE URGENCIAS Y EMERGENCIAS,150131,36,LIMA CENTRO,00,NO PERTENECE A NINGUNA RED,00,NO PERTENECE A NINGUNA MICRORED,000022104,1,MINSA,LIMA,LIMA,SAN ISIDRO
32114,HOSPITAL DE EMERGENCIAS VILLA EL SALVADOR,150142,23,LIMA SUR,00,NO PERTENECE A NINGUNA RED,00,NO PERTENECE A NINGUNA MICRORED,000023159,1,MINSA,LIMA,LIMA,VILLA EL SALVADOR
32504,PUESTO DE SALUD DESIDERIO MOSCOSO CASTILLO,150133,23,LIMA SUR,02,SAN JUAN DE MIRAFLORES - VILLA MARIA DEL TRIUNFO,04,OLLANTAY,000023635,1,MINSA,LIMA,LIMA,SAN JUAN DE MIRAFLORES
33188,CENTRO DE SALUD MENTAL COMUNITARIO NANCY REYES BAHAMONDE,150108,23,LIMA SUR,01,BARRANCO - CHORRILLOS - SURCO,02,VILLA,000024374,1,MINSA,LIMA,LIMA,CHORRILLOS
34066,CENTRO DE SALUD MENTAL COMUNITARIO 12 DE NOVIEMBRE,150133,23,LIMA SUR,00,NO PERTENECE A NINGUNA RED,00,NO PERTENECE A NINGUNA MICRORED,000024847,1,MINSA,LIMA,LIMA,SAN JUAN DE MIRAFLORES
34902,CENTRO DE SALUD MENTAL COMUNITARIO RENATO CASTRO DE LA MATA,150125,35,LIMA NORTE,00,NO PERTENECE A NINGUNA RED,00,NO PERTENECE A NINGUNA MICRORED,000025226,1,MINSA,LIMA,LIMA,PUENTE PIEDRA
35618,CENTRO DE SALUD MENTAL COMUNITARIO JOSEPH GERARD RUYS,150135,35,LIMA NORTE,00,NO PERTENECE A NINGUNA RED,00,NO PERTENECE A NINGUNA MICRORED,000026017,1,MINSA,LIMA,LIMA,SAN MARTIN DE PORRES
35962,CENTRO DE SALUD MENTAL COMUNITARIO VILLA EL SALVADOR,150142,23,LIMA SUR,00,NO PERTENECE A NINGUNA RED,00,NO PERTENECE A NINGUNA MICRORED,000026282,1,MINSA,LIMA,LIMA,VILLA EL SALVADOR
35994,CENTRO DE SALUD MENTAL COMUNITARIO SAN SEBASTIAN,150108,23,LIMA SUR,00,NO PERTENECE A NINGUNA RED,00,NO PERTENECE A NINGUNA MICRORED,000026221,1,MINSA,LIMA,LIMA,CHORRILLOS
36560,PUESTO DE SALUD LA ARBOLEDA,150139,35,LIMA NORTE,00,NO PERTENECE A NINGUNA RED,00,NO PERTENECE A NINGUNA MICRORED,000026972,1,MINSA,LIMA,LIMA,SANTA ROSA
36746,CENTRO DE SALUD MENTAL COMUNITARIO DAVID TEJADA DE RIVERO,150111,21,LIMA ESTE,00,NO PERTENECE A NINGUNA RED,00,NO PERTENECE A NINGUNA MICRORED,000026996,1,MINSA,LIMA,LIMA,EL AGUSTINO
36771,CENTRO DE SALUD MENTAL COMUNITARIO SANTA ANITA,150137,21,LIMA ESTE,00,NO PERTENECE A NINGUNA RED,00,NO PERTENECE A NINGUNA MICRORED,000026999,1,MINSA,LIMA,LIMA,SANTA ANITA
36790,CENTRO DE SALUD MENTAL COMUNITARIO RIJCHARIY (DESPIERTA),150102,35,LIMA NORTE,00,NO PERTENECE A NINGUNA RED,00,NO PERTENECE A NINGUNA MICRORED,000027057,1,MINSA,LIMA,LIMA,ANCON
36807,CENTRO DE SALUD MENTAL COMUNITARIO WIÑAY,150110,35,LIMA NORTE,00,NO PERTENECE A NINGUNA RED,00,NO PERTENECE A NINGUNA MICRORED,000027246,1,MINSA,LIMA,LIMA,COMAS
36808,CENTRO DE SALUD MENTAL COMUNITARIO EL AGUSTINO,150111,21,LIMA ESTE,00,NO PERTENECE A NINGUNA RED,00,NO PERTENECE A NINGUNA MICRORED,000027290,1,MINSA,LIMA,LIMA,EL AGUSTINO
36811,CENTRO DE SALUD MENTAL COMUNITARIO SANTA ROSA DE HUAYCAN,150103,21,LIMA ESTE,00,NO PERTENECE A NINGUNA RED,00,NO PERTENECE A NINGUNA MICRORED,000027068,1,MINSA,LIMA,LIMA,ATE
36812,CENTRO DE SALUD MENTAL COMUNITARIO ILLARIMUN (AMANECER),150117,35,LIMA NORTE,00,NO PERTENECE A NINGUNA RED,00,NO PERTENECE A NINGUNA MICRORED,000027247,1,MINSA,LIMA,LIMA,LOS OLIVOS
36813,CENTRO DE SALUD MENTAL COMUNITARIO ASIRI (SONRISA),150106,35,LIMA NORTE,00,NO PERTENECE A NINGUNA RED,00,NO PERTENECE A NINGUNA MICRORED,000027244,1,MINSA,LIMA,LIMA,CARABAYLLO
36817,CENTRO DE SALUD MENTAL COMUNITARIO LA MOLINA,150114,21,LIMA ESTE,00,NO PERTENECE A NINGUNA RED,00,NO PERTENECE A NINGUNA MICRORED,000027426,1,MINSA,LIMA,LIMA,LA MOLINA
9999041,CENTRO DE SALUD MENTAL COMUNITARIO LA MOLINA,150114,21,LIMA ESTE,00,NO PERTENECE A NINGUNA RED,00,NO PERTENECE A NINGUNA MICRORED,009999041,1,MINSA,LIMA,LIMA,LA MOLINA
9999042,CENTRO DE SALUD MENTAL COMUNITARIO SANTA ROSA DE HUAYCAN,150103,21,LIMA ESTE,00,NO PERTENECE A NINGUNA RED,00,NO PERTENECE A NINGUNA MICRORED,009999042,1,MINSA,LIMA,LIMA,ATE
9999044,CENTRO DE SALUD MENTAL COMUNITARIO SAN SEBASTIAN,150108,23,LIMA SUR,00,NO PERTENECE A NINGUNA RED,00,NO PERTENECE A NINGUNA MICRORED,009999044,1,MINSA,LIMA,LIMA,CHORRILLOS
9999045,CENTRO DE SALUD MENTAL COMUNITARIO VILLA EL SALVADOR,150142,23,LIMA SUR,00,NO PERTENECE A NINGUNA RED,00,NO PERTENECE A NINGUNA MICRORED,009999045,1,MINSA,LIMA,LIMA,VILLA EL SALVADOR
9999046,CENTRO DE SALUD MENTAL COMUNITARIO  EL SOL DE VILLA,150142,23,LIMA SUR,00,NO PERTENECE A NINGUNA RED,00,NO PERTENECE A NINGUNA MICRORED,009999046,1,MINSA,LIMA,LIMA,VILLA EL SALVADOR
9999047,CENTRO DE SALUD MENTAL COMUNITARIO MEDALLA MILAGROSA DE MANCHAY,150123,23,LIMA SUR,00,NO PERTENECE A NINGUNA RED,00,NO PERTENECE A NINGUNA MICRORED,009999047,1,MINSA,LIMA,LIMA,PACHACAMAC
9999048,CENTRO DE SALUD MENTAL COMUNITARIO SANTA ROSA DE MANCHAY,150123,23,LIMA SUR,00,NO PERTENECE A NINGUNA RED,00,NO PERTENECE A NINGUNA MICRORED,009999048,1,MINSA,LIMA,LIMA,PACHACAMAC
9999061,CENTRO DE SALUD MENTAL COMUNITARIO HONORIO DELGADO,150121,36,LIMA CENTRO,00,NO PERTENECE A NINGUNA RED,00,NO PERTENECE A NINGUNA MICRORED,009999061,1,MINSA,LIMA,LIMA,MAGDALENA VIEJA (PUEBLO LIBRE)
9999062,CENTRO DE SALUD MENTAL COMUNITARIO LA VICTORIA,150115,36,LIMA CENTRO,00,NO PERTENECE A NINGUNA RED,00,NO PERTENECE A NINGUNA MICRORED,009999062,1,MINSA,LIMA,LIMA,LA VICTORIA
9999063,CENTRO DE SALUD MENTAL COMUNITARIO SAN JUAN DE LURIGANCHO,150132,36,LIMA CENTRO,00,NO PERTENECE A NINGUNA RED,00,NO PERTENECE A NINGUNA MICRORED,009999063,1,MINSA,LIMA,LIMA,SAN JUAN DE LURIGANCHO
9999064,CENTRO DE SALUD MENTAL COMUNITARIO ZARATE,150132,36,LIMA CENTRO,00,NO PERTENECE A NINGUNA RED,00,NO PERTENECE A NINGUNA MICRORED,009999064,1,MINSA,LIMA,LIMA,SAN JUAN DE LURIGANCHO
9999065,CENTRO DE SALUD MENTAL COMUNITARIO JOSEPH GERARD RUYS,150135,35,LIMA NORTE,00,NO PERTENECE A NINGUNA RED,00,NO PERTENECE A NINGUNA MICRORED,009999065,1,MINSA,LIMA,LIMA,SAN MARTIN DE PORRES
9999066,CENTRO DE SALUD MENTAL COMUNITARIO RIJCHARIY,150102,35,LIMA NORTE,00,NO PERTENECE A NINGUNA RED,00,NO PERTENECE A NINGUNA MICRORED,009999066,1,MINSA,LIMA,LIMA,ANCON
9999071,CENTRO DE SALUD MENTAL COMUNITARIO NUEVO PERU,150132,36,LIMA CENTRO,00,NO PERTENECE A NINGUNA RED,00,NO PERTENECE A NINGUNA MICRORED,009999071,1,MINSA,LIMA,LIMA,SAN JUAN DE LURIGANCHO
9999072,CENTRO DE SALUD MENTAL COMUNITARIO EL AGUSTINO,150111,21,LIMA ESTE,00,NO PERTENECE A NINGUNA RED,00,NO PERTENECE A NINGUNA MICRORED,009999072,1,MINSA,LIMA,LIMA,EL AGUSTINO
9999073,CENTRO DE SALUD MENTAL COMUNITARIO WIÑAY,150110,35,LIMA NORTE,00,NO PERTENECE A NINGUNA RED,00,NO PERTENECE A NINGUNA MICRORED,009999073,1,MINSA,LIMA,LIMA,COMAS
9999074,CENTRO DE SALUD MENTAL COMUNITARIO ILLARIMUN,150110,35,LIMA NORTE,00,NO PERTENECE A NINGUNA RED,00,NO PERTENECE A NINGUNA MICRORED,009999074,1,MINSA,LIMA,LIMA,COMAS
9999075,CENTRO DE SALUD MENTAL COMUNITARIO ASIRI,150106,35,LIMA NORTE,00,NO PERTENECE A NINGUNA RED,00,NO PERTENECE A NINGUNA MICRORED,009999075,1,MINSA,LIMA,LIMA,CARABAYLLO
9999076,CENTRO DE SALUD MENTAL COMUNITARIO SANTA ANITA,150137,21,LIMA ESTE,00,NO PERTENECE A NINGUNA RED,00,NO PERTENECE A NINGUNA MICRORED,009999076,1,MINSA,LIMA,LIMA,SANTA ANITA
9999077,CENTRO DE SALUD MENTAL COMUNITARIO DAVID TEJADA DE RIVERO,150111,21,LIMA ESTE,00,NO PERTENECE A NINGUNA RED,00,NO PERTENECE A NINGUNA MICRORED,009999077,1,MINSA,LIMA,LIMA,EL AGUSTINO
9999078,CENTRO DE SALUD MENTAL COMUNITARIO CIENEGUILLA,150109,21,LIMA ESTE,00,NO PERTENECE A NINGUNA RED,00,NO PERTENECE A NINGUNA MICRORED,009999078,1,MINSA,LIMA,LIMA,CIENEGUILLA
9999080,CENTRO DE SALUD MENTAL COMUNITARIO MONSEÑOR GURRUCHAGA,150143,23,LIMA SUR,00,NO PERTENECE A NINGUNA RED,00,NO PERTENECE A NINGUNA MICRORED,009999080,1,MINSA,LIMA,LIMA,VILLA MARIA DEL TRIUNFO
9999082,CENTRO DE SALUD MENTAL COMUNITARIO SAN BORJA,150130,36,LIMA CENTRO,00,NO PERTENECE A NINGUNA RED,00,NO PERTENECE A NINGUNA MICRORED,009999082,1,MINSA,LIMA,LIMA,SAN BORJA
9999099,CENTRO DE SALUD MENTAL COMUNITARIO BARRANCO,150104,23,LIMA SUR,00,NO PERTENECE A NINGUNA RED,00,NO PERTENECE A NINGUNA MICRORED,009999099,1,MINSA,LIMA,LIMA,BARRANCO
9999101,CENTRO DE SALUD MENTAL COMUNITARIO UNIVERSITARIO SAN MARCOS,150101,36,LIMA CENTRO,00,NO PERTENECE A NINGUNA RED,00,NO PERTENECE A NINGUNA MICRORED,009999101,1,MINSA,LIMA,LIMA,LIMA